Rk,Player,From,To,Tm,Lg,MPG,G,GS,MP,PER,3PAr,FTr,ORB%,DRB%,TRB%,AST%,STL%,BLK%,TOV%,USG%,ORtg,DRtg,OWS,DWS,WS,WS/48,OBPM,DBPM,BPM,VORP
1,LeBron James,2004,2020,TOT,NBA,38.4,1258,1257,48329,27.5,.219,.407,3.7,18.5,11.2,36.4,2.2,1.6,13.1,31.5,116,104,165.7,70.4,236.1,.235,7.1,1.8,8.9,133.2
2,Kevin Durant,2008,2019,TOT,NBA,36.9,849,849,31305,25.2,.260,.410,2.3,18.5,10.7,19.6,1.5,2.3,12.4,30.1,117,105,101.0,40.8,141.7,.217,6.0,0.7,6.7,69.0
3,Damian Lillard,2013,2020,POR,NBA,36.3,607,607,22047,21.9,.423,.330,1.9,10.6,6.3,29.9,1.3,0.7,11.8,28.4,117,111,65.2,14.6,79.9,.174,5.3,-0.7,4.6,36.9
4,John Wall,2011,2019,WAS,NBA,35.9,573,561,20545,19.4,.183,.345,1.8,11.9,6.8,42.4,2.4,1.6,17.3,27.4,104,106,21.5,22.8,44.3,.104,2.5,0.1,2.6,23.6
5,Andrew Wiggins,2015,2020,TOT,NBA,35.8,454,454,16242,14.7,.217,.327,3.9,9.9,6.9,10.8,1.4,1.4,10.0,25.6,104,114,9.5,5.4,15.0,.044,0.0,-2.0,-1.9,0.2
6,Carmelo Anthony,2004,2020,TOT,NBA,35.7,1114,1106,39752,19.9,.196,.353,5.4,15.3,10.3,15.1,1.4,1.1,10.7,30.4,108,108,66.6,35.4,102.0,.123,2.8,-1.2,1.6,35.7
7,Chris Paul,2006,2020,TOT,NBA,34.9,1013,1013,35353,25.1,.266,.349,2.2,12.7,7.5,45.6,3.3,0.3,13.2,23.9,123,105,132.2,47.3,179.5,.244,5.3,2.2,7.6,85.6
8,Blake Griffin,2011,2020,TOT,NBA,34.8,622,622,21671,22.0,.121,.423,7.2,21.7,14.5,22.4,1.3,1.2,11.9,28.1,112,106,49.9,25.3,75.2,.167,3.6,0.2,3.8,31.9
9,Bradley Beal,2013,2020,WAS,NBA,34.6,545,511,18832,17.8,.355,.251,2.6,10.3,6.4,19.2,1.6,1.0,10.8,26.6,109,110,27.1,14.4,41.5,.106,2.4,-0.8,1.6,17.0
10,Russell Westbrook,2009,2020,TOT,NBA,34.6,874,857,30235,23.5,.194,.376,5.5,17.0,11.3,42.3,2.5,0.7,15.7,32.7,109,105,60.5,40.7,101.3,.161,4.2,0.6,4.8,52.1
11,Anthony Davis,2013,2020,TOT,NBA,34.5,521,516,17997,27.5,.085,.409,8.2,25.0,16.6,11.2,2.0,5.7,8.6,28.5,117,103,52.6,29.7,82.3,.219,4.8,1.5,6.3,37.7
12,LaMarcus Aldridge,2007,2020,TOT,NBA,34.4,1003,962,34518,20.8,.036,.274,9.0,18.9,13.9,10.3,1.1,2.6,8.0,25.9,112,106,70.4,41.1,111.4,.155,2.0,-0.3,1.7,32.4
13,Ben Simmons,2018,2020,PHI,NBA,34.4,214,214,7362,20.2,.009,.409,6.4,19.3,13.0,35.5,2.4,1.8,19.7,21.8,113,105,12.7,11.8,24.4,.159,1.9,2.1,4.0,11.2
14,Karl-Anthony Towns,2016,2020,MIN,NBA,34.4,358,358,12307,25.1,.223,.310,10.2,28.6,19.3,14.0,1.1,3.6,12.2,26.3,120,108,36.9,13.6,50.4,.197,4.8,0.0,4.8,21.2
15,Stephen Curry,2010,2020,GSW,NBA,34.3,699,693,23998,23.8,.481,.237,2.3,11.8,7.2,31.5,2.5,0.5,14.2,27.9,118,107,76.5,26.7,103.2,.207,6.0,0.4,6.4,50.7
16,James Harden,2010,2020,TOT,NBA,34.3,826,613,28347,24.7,.458,.526,2.6,14.5,8.6,32.0,2.3,1.2,15.2,30.7,118,107,100.7,32.6,133.3,.226,6.0,0.9,6.9,63.6
17,DeMar DeRozan,2010,2020,TOT,NBA,34.2,813,801,27765,18.2,.094,.400,2.5,12.0,7.3,17.8,1.5,0.7,10.0,27.1,110,110,47.0,19.5,66.5,.115,1.2,-0.8,0.4,16.5
18,Kemba Walker,2012,2020,TOT,NBA,33.9,655,610,22199,19.4,.373,.287,1.9,10.8,6.3,28.4,1.9,1.0,10.5,27.3,109,109,34.8,19.2,54.0,.117,3.3,-0.4,2.9,27.5
19,Kyrie Irving,2012,2020,TOT,NBA,33.8,528,528,17827,22.2,.308,.248,2.5,9.7,6.1,30.9,2.0,0.9,11.9,29.3,114,109,45.8,15.5,61.3,.165,4.7,-0.2,4.5,29.2
20,Donovan Mitchell,2018,2020,UTA,NBA,33.8,219,211,7401,17.5,.363,.238,2.4,10.7,6.6,20.5,1.9,0.8,11.6,30.6,105,108,5.7,9.7,15.4,.100,1.5,0.0,1.4,6.5
21,Dwight Howard,2005,2020,TOT,NBA,33.6,1106,1045,37177,21.5,.006,.790,12.0,29.5,20.9,7.3,1.4,4.4,16.8,22.6,111,100,61.9,72.1,133.9,.173,1.0,1.1,2.1,38.4
22,Devin Booker,2016,2020,PHO,NBA,33.5,334,309,11186,16.8,.322,.336,1.6,10.3,5.9,23.9,1.1,0.6,14.4,29.1,107,115,12.5,3.3,15.9,.068,1.6,-1.9,-0.3,4.8
23,Paul George,2011,2020,TOT,NBA,33.5,646,598,21646,19.2,.411,.306,3.0,17.9,10.5,17.0,2.6,1.1,12.8,26.5,109,102,32.4,36.7,69.1,.153,2.7,1.4,4.1,33.1
24,Pau Gasol,2002,2019,TOT,NBA,33.4,1226,1150,41001,21.4,.031,.401,8.6,22.2,15.5,16.7,0.8,3.5,12.5,23.3,113,104,89.9,54.1,144.1,.169,2.8,0.8,3.6,57.5
25,Jrue Holiday,2010,2020,TOT,NBA,33.3,707,634,23508,16.9,.265,.190,2.9,10.1,6.5,30.8,2.3,1.2,15.5,23.6,105,108,20.2,22.8,43.0,.088,1.2,0.0,1.2,19.2
26,Marc Gasol,2009,2020,TOT,NBA,33.2,831,816,27555,18.2,.112,.379,5.8,21.2,13.4,17.2,1.4,3.7,13.3,20.8,111,104,42.1,40.1,82.2,.143,1.4,1.7,3.1,35.4
27,Rudy Gay,2007,2020,TOT,NBA,33.2,939,777,31175,16.7,.208,.272,4.8,15.6,10.2,11.3,1.9,1.8,12.2,24.5,105,108,26.1,30.3,56.4,.087,0.9,-0.2,0.7,21.6
28,Andre Iguodala,2005,2020,TOT,NBA,33.2,1122,779,37293,15.7,.286,.376,3.2,14.0,8.7,19.6,2.3,1.2,14.9,17.3,111,105,50.5,46.3,96.8,.125,0.9,1.3,2.3,40.0
29,Jimmy Butler,2012,2020,TOT,NBA,33.1,577,472,19080,20.3,.215,.501,5.1,11.8,8.5,18.0,2.4,1.1,9.3,21.9,120,106,50.5,24.0,74.6,.188,2.9,1.3,4.2,29.7
30,Klay Thompson,2012,2019,GSW,NBA,33.1,615,578,20340,16.4,.437,.141,1.5,9.6,5.7,11.0,1.4,1.3,9.2,24.7,109,108,28.0,18.8,46.8,.110,1.8,-1.0,0.7,14.2
31,Victor Oladipo,2014,2020,TOT,NBA,33.0,415,355,13697,16.6,.304,.264,2.1,13.5,7.8,19.4,2.5,1.2,13.6,25.2,103,106,8.4,15.9,24.3,.085,0.6,0.5,1.1,10.8
32,Eric Gordon,2009,2020,TOT,NBA,32.8,663,509,21755,14.3,.477,.277,1.4,7.2,4.3,14.3,1.4,0.8,11.7,22.8,108,113,24.8,9.6,34.3,.076,0.9,-1.3,-0.4,8.7
33,Trae Young,2019,2020,ATL,NBA,32.8,141,141,4623,20.2,.419,.388,2.2,10.8,6.4,42.8,1.4,0.4,16.9,31.4,111,117,7.9,1.2,9.2,.095,4.1,-2.6,1.5,4.0
34,Luka Dončić,2019,2020,DAL,NBA,32.7,126,126,4117,23.1,.438,.425,4.0,23.1,13.7,37.6,1.6,0.7,14.8,33.3,111,109,7.9,5.0,13.0,.151,5.2,0.6,5.9,8.2
35,Al Horford,2008,2020,TOT,NBA,32.7,846,839,27633,18.7,.131,.198,7.5,21.4,14.5,16.5,1.3,2.9,11.3,19.2,115,104,50.7,40.1,90.7,.158,1.7,1.1,2.8,33.4
36,Derrick Rose,2009,2020,TOT,NBA,32.6,596,504,19402,18.3,.161,.248,2.9,8.7,5.8,30.8,1.2,0.8,12.9,28.0,106,110,24.6,15.1,39.7,.098,2.6,-1.2,1.3,16.5
37,Giannis Antetokounmpo,2014,2020,MIL,NBA,32.5,522,457,16983,22.9,.147,.478,5.8,23.7,15.0,22.7,1.8,3.4,14.1,26.5,114,103,37.2,26.4,63.6,.180,3.1,1.8,4.9,29.8
38,Lonzo Ball,2018,2020,TOT,NBA,32.4,155,142,5020,12.7,.538,.113,3.9,16.1,10.0,27.7,2.2,1.5,19.2,17.7,101,108,0.0,6.1,6.1,.058,-0.5,1.1,0.6,3.3
39,Mike Conley,2008,2020,TOT,NBA,32.4,829,793,26871,17.5,.312,.291,1.6,9.2,5.3,28.7,2.3,0.5,12.9,21.8,112,108,46.6,26.8,73.5,.131,2.0,0.3,2.3,29.3
40,Collin Sexton,2019,2020,CLE,NBA,32.3,147,137,4748,14.0,.240,.228,2.7,7.8,5.1,15.2,1.1,0.2,12.0,26.1,105,120,2.1,-0.2,1.9,.020,-0.6,-2.7,-3.4,-1.7
41,Brandon Ingram,2017,2020,TOT,NBA,32.2,246,207,7933,13.5,.233,.350,2.8,14.0,8.3,15.1,1.1,1.5,13.4,22.3,105,112,3.8,5.6,9.4,.057,-0.7,-0.7,-1.4,1.1
42,DeMarcus Cousins,2011,2019,TOT,NBA,32.0,565,543,18078,22.4,.111,.452,9.6,28.2,18.9,18.1,2.2,3.1,15.2,31.8,103,103,17.8,26.3,44.1,.117,1.8,0.8,2.6,21.1
43,De'Andre Hunter,2020,2020,ATL,NBA,32.0,63,62,2018,8.6,.445,.211,2.3,13.1,7.6,8.0,1.0,0.7,12.1,17.5,100,117,-0.4,0.5,0.1,.001,-2.8,-1.8,-4.7,-1.4
44,Kevin Love,2009,2020,TOT,NBA,32.0,713,630,22803,21.6,.341,.401,9.6,29.6,19.5,12.4,1.1,1.1,11.0,24.6,116,107,56.7,25.3,82.0,.173,4.1,-0.7,3.4,31.0
45,Wesley Matthews,2010,2020,TOT,NBA,31.9,786,724,25108,13.0,.519,.235,1.8,9.0,5.4,10.5,1.7,0.5,9.8,18.4,110,109,30.8,20.1,50.9,.097,0.0,0.1,0.1,13.2
46,Jayson Tatum,2018,2020,BOS,NBA,31.8,218,218,6936,16.7,.326,.256,2.8,17.3,10.1,10.6,1.8,2.1,10.0,23.1,109,105,7.5,10.8,18.3,.127,0.8,0.7,1.5,6.2
47,Kyle Lowry,2007,2020,TOT,NBA,31.6,908,672,28682,18.4,.454,.380,2.9,12.5,7.7,30.6,2.2,0.7,15.1,21.7,115,107,63.1,30.4,93.5,.157,2.7,0.6,3.2,38.0
48,Deandre Ayton,2019,2020,PHO,NBA,31.5,101,95,3179,20.5,.005,.200,11.9,26.4,19.0,9.7,1.2,3.2,11.9,22.2,114,111,5.3,3.0,8.3,.125,1.2,-0.8,0.3,1.9
49,Khris Middleton,2013,2020,TOT,NBA,31.5,510,435,16082,16.3,.343,.234,2.1,13.9,8.1,16.7,2.0,0.5,11.7,22.6,110,108,22.1,16.2,38.3,.114,0.6,-0.1,0.5,10.2
50,Nicolas Batum,2009,2020,TOT,NBA,31.3,789,714,24733,14.8,.468,.220,3.8,15.1,9.4,18.4,1.6,1.6,15.0,17.6,110,108,30.4,24.3,54.7,.106,1.1,0.5,1.6,22.6
51,Harrison Barnes,2013,2020,TOT,NBA,31.2,604,543,18823,13.3,.294,.260,3.5,13.8,8.6,8.0,1.1,0.5,8.6,19.7,108,109,17.7,16.3,33.9,.087,-0.3,-0.7,-1.0,4.6
52,Kristaps Porziņģis,2016,2020,TOT,NBA,31.1,237,236,7361,18.5,.321,.279,5.8,20.4,13.2,7.5,1.2,5.4,9.4,26.3,106,106,7.0,9.3,16.4,.107,1.0,0.0,1.0,5.6
53,Andre Drummond,2013,2020,TOT,NBA,31.0,599,548,18590,22.1,.015,.428,16.4,33.3,24.5,6.9,2.3,4.1,12.7,21.7,109,100,24.6,36.0,60.6,.157,1.0,0.5,1.5,16.3
54,Danilo Gallinari,2009,2020,TOT,NBA,31.0,604,534,18742,17.1,.454,.440,2.7,14.9,8.8,10.0,1.3,1.0,8.8,21.1,119,111,43.9,12.3,56.1,.144,2.6,-0.6,2.0,18.9
55,Kawhi Leonard,2012,2020,TOT,NBA,31.0,518,491,16047,23.0,.278,.322,4.6,18.1,11.6,14.3,2.9,1.7,9.2,24.6,118,100,42.3,31.1,73.4,.220,4.4,2.4,6.8,35.7
56,Rajon Rondo,2007,2020,TOT,NBA,31.0,873,729,27103,16.0,.149,.219,3.9,13.5,8.7,40.9,2.7,0.3,21.5,19.0,104,104,19.6,40.2,59.9,.106,0.4,1.0,1.3,22.9
57,Darius Garland,2020,2020,CLE,NBA,30.9,59,59,1824,8.5,.423,.103,1.6,5.2,3.4,18.5,1.1,0.2,17.1,20.7,96,119,-1.3,0.0,-1.3,-.035,-2.7,-2.9,-5.6,-1.7
58,Ricky Rubio,2012,2020,TOT,NBA,30.9,555,534,17172,15.8,.283,.396,2.4,13.1,7.7,37.1,3.0,0.4,19.9,19.5,106,107,16.2,20.2,36.4,.102,-0.1,1.0,0.9,12.6
59,Tobias Harris,2012,2020,TOT,NBA,30.8,611,491,18835,16.7,.283,.238,3.5,18.2,10.8,10.6,1.2,1.3,8.9,22.2,111,109,26.7,18.3,45.0,.115,1.2,-0.3,0.9,13.8
60,Gordon Hayward,2011,2020,TOT,NBA,30.8,634,472,19533,17.5,.311,.362,2.8,13.4,8.1,18.7,1.7,1.1,12.7,22.8,112,108,35.0,17.9,52.9,.130,2.2,0.1,2.2,20.8
61,Zach LaVine,2015,2020,TOT,NBA,30.8,353,266,10857,15.7,.342,.265,1.6,11.8,6.6,20.0,1.5,0.8,13.8,26.3,104,113,7.2,4.8,12.0,.053,0.9,-1.6,-0.6,3.8
62,CJ McCollum,2014,2020,POR,NBA,30.8,473,376,14552,17.2,.340,.167,2.1,9.2,5.7,16.9,1.4,1.0,9.4,26.1,110,112,21.9,9.7,31.5,.104,2.0,-1.0,1.0,11.1
63,Tyreke Evans,2010,2019,TOT,NBA,30.7,594,426,18242,17.1,.194,.303,3.1,14.0,8.5,26.3,2.0,1.0,14.1,25.6,104,109,15.0,13.4,28.4,.075,1.1,-0.3,0.8,13.1
64,Josh Richardson,2016,2020,TOT,NBA,30.7,307,236,9423,12.7,.413,.196,2.5,9.0,5.8,14.2,1.8,1.8,11.1,18.6,107,108,6.7,10.9,17.6,.090,-0.8,0.6,-0.2,4.2
65,Joel Embiid,2017,2020,PHI,NBA,30.6,202,202,6181,24.8,.217,.515,8.7,31.4,20.3,17.7,1.2,4.8,14.6,33.5,110,103,10.9,11.5,22.4,.174,3.1,1.3,4.5,10.0
66,Brook Lopez,2009,2020,TOT,NBA,30.6,778,740,23797,19.5,.152,.316,7.7,15.7,11.7,8.8,1.0,4.7,10.8,24.4,110,107,38.8,25.9,64.7,.130,1.4,0.0,1.4,20.4
67,Lauri Markkanen,2018,2020,CHI,NBA,30.6,170,169,5194,15.7,.467,.229,4.3,23.2,13.5,7.0,1.1,1.7,9.1,22.7,107,111,4.0,4.7,8.7,.080,0.9,-1.2,-0.3,2.2
68,RJ Barrett,2020,2020,NYK,NBA,30.4,56,55,1704,10.7,.271,.349,3.0,14.8,8.7,12.8,1.6,0.9,12.9,24.0,95,114,-1.6,1.1,-0.5,-.015,-2.8,-1.5,-4.3,-1.0
69,Shai Gilgeous-Alexander,2019,2020,TOT,NBA,30.3,145,136,4388,15.7,.219,.310,2.6,12.4,7.7,16.3,1.8,1.7,12.1,21.0,110,111,4.4,4.5,8.9,.097,0.2,0.3,0.6,2.9
70,Nikola Vučević,2012,2020,TOT,NBA,30.3,590,529,17868,20.4,.095,.156,9.7,27.9,18.6,15.0,1.4,2.5,10.3,24.5,108,105,22.4,24.8,47.2,.127,1.7,0.2,1.9,17.7
71,P.J. Washington,2020,2020,CHO,NBA,30.3,58,57,1759,12.4,.390,.231,3.5,16.6,9.8,11.3,1.5,2.3,12.5,18.6,105,112,0.5,1.4,2.0,.054,-1.7,0.1,-1.6,0.2
72,Thaddeus Young,2008,2020,TOT,NBA,30.3,965,687,29281,16.2,.133,.177,7.4,14.8,11.1,9.0,2.4,1.1,10.6,20.2,107,107,28.7,32.9,61.6,.101,0.1,0.1,0.3,16.9
73,Vince Carter,1999,2020,TOT,NBA,30.1,1541,983,46367,18.6,.289,.285,4.1,12.4,8.2,19.3,1.7,1.5,9.7,26.3,108,107,80.7,44.6,125.3,.130,2.9,0.0,3.0,57.9
74,De'Aaron Fox,2018,2020,SAC,NBA,30.1,199,184,5998,16.3,.208,.354,1.9,10.9,6.2,30.8,2.1,1.3,15.3,25.4,105,112,3.7,4.9,8.5,.068,0.1,-0.5,-0.3,2.5
75,Kyle Kuzma,2018,2020,LAL,NBA,30.1,201,112,6042,13.5,.402,.217,3.5,15.7,9.7,9.7,0.9,1.1,10.7,23.1,104,110,2.6,5.8,8.4,.067,-0.4,-1.1,-1.5,0.6
76,Chandler Parsons,2012,2020,TOT,NBA,30.1,440,369,13246,14.7,.400,.190,3.1,13.6,8.4,14.6,1.6,0.9,11.6,19.0,110,108,17.5,11.4,28.9,.105,1.0,0.0,1.1,10.2
77,Wilson Chandler,2008,2020,TOT,NBA,30.0,676,483,20287,12.8,.347,.185,4.2,15.4,9.7,9.2,1.2,1.6,10.4,19.1,106,111,15.3,13.8,29.0,.069,-0.7,-0.7,-1.3,3.5
78,Ja Morant,2020,2020,MEM,NBA,30.0,59,59,1771,18.0,.174,.331,2.7,9.5,6.2,34.6,1.4,0.7,17.2,26.0,110,113,2.2,1.2,3.4,.093,1.6,-1.3,0.4,1.1
79,Robert Covington,2014,2020,TOT,NBA,29.9,388,340,11614,13.5,.628,.222,3.3,17.3,10.2,7.8,2.7,2.4,13.1,18.9,103,105,5.0,16.1,21.1,.087,-0.6,1.1,0.5,7.4
80,Kendrick Nunn,2020,2020,MIA,NBA,29.8,62,62,1846,13.5,.426,.108,1.2,8.7,5.1,18.7,1.4,0.6,10.2,23.7,106,113,1.0,1.4,2.4,.064,-0.7,-1.3,-2.0,0.0
81,Trevor Ariza,2005,2020,TOT,NBA,29.7,1064,731,31650,13.2,.461,.242,3.8,14.8,9.2,11.1,2.5,0.8,12.1,16.7,107,106,24.5,38.1,62.6,.095,-0.3,1.0,0.7,21.8
82,Raymond Felton,2006,2019,TOT,NBA,29.7,971,659,28829,13.8,.282,.218,2.2,9.4,5.8,28.9,2.1,0.6,15.5,20.4,103,109,16.2,23.9,40.2,.067,-0.2,-0.4,-0.6,10.1
83,Rui Hachimura,2020,2020,WAS,NBA,29.7,41,41,1217,13.9,.160,.243,5.5,17.4,11.2,8.3,1.3,0.5,7.5,18.7,112,117,1.3,0.4,1.7,.066,-1.1,-1.9,-3.0,-0.3
84,Zion Williamson,2020,2020,NOP,NBA,29.7,19,19,565,24.2,.045,.521,10.2,13.9,12.0,12.6,1.3,1.3,12.4,29.6,116,113,1.3,0.4,1.8,.149,3.5,-1.1,2.4,0.6
85,Rudy Gobert,2014,2020,UTA,NBA,29.5,468,376,13803,21.5,.001,.727,12.7,28.9,21.0,7.2,1.2,6.0,15.5,16.0,125,100,34.7,28.2,62.9,.219,1.5,2.2,3.8,20.1
86,Jeff Green,2008,2020,TOT,NBA,29.5,900,543,26573,13.2,.286,.294,3.6,13.4,8.5,8.4,1.2,1.4,11.1,20.5,105,109,19.0,22.7,41.6,.075,-0.7,-0.7,-1.3,4.3
87,Brandon Knight,2012,2020,TOT,NBA,29.5,446,349,13137,13.7,.368,.240,2.0,10.1,6.0,22.9,1.5,0.5,15.2,24.2,101,111,5.5,6.0,11.5,.042,0.1,-1.7,-1.6,1.5
88,Jamal Crawford,2001,2019,TOT,NBA,29.4,1326,433,38988,15.1,.387,.260,1.4,7.3,4.3,19.7,1.6,0.5,11.9,24.1,105,111,42.0,18.6,60.6,.075,1.3,-1.5,-0.1,18.4
89,Jamal Murray,2017,2020,DEN,NBA,29.3,293,219,8580,15.5,.393,.203,3.0,10.5,6.7,18.9,1.5,0.9,12.0,23.7,110,112,10.3,5.9,16.1,.090,1.0,-1.1,-0.1,4.2
90,Jabari Parker,2015,2020,TOT,NBA,29.3,280,190,8193,16.3,.180,.238,5.9,16.3,11.1,11.8,1.6,1.2,11.8,23.5,106,111,6.5,6.3,12.8,.075,0.3,-1.2,-0.9,2.3
91,Elfrid Payton,2015,2020,TOT,NBA,29.3,387,331,11350,15.3,.141,.244,4.2,12.3,8.2,34.4,2.3,1.0,17.9,20.1,103,110,5.4,9.5,14.9,.063,-0.4,-0.1,-0.5,4.3
92,P.J. Tucker,2007,2020,TOT,NBA,29.3,646,470,18928,10.6,.458,.206,5.9,16.2,11.0,6.9,2.0,0.9,12.8,11.7,110,108,15.0,19.0,34.0,.086,-1.3,0.7,-0.6,6.7
93,Kentavious Caldwell-Pope,2014,2020,TOT,NBA,29.2,533,391,15584,12.1,.469,.202,2.4,9.4,5.9,8.2,1.9,0.5,8.4,17.6,108,109,13.6,14.1,27.6,.085,-1.0,0.3,-0.7,5.2
94,Julius Randle,2015,2020,TOT,NBA,29.2,375,295,10934,17.7,.124,.394,7.8,25.4,16.5,15.4,1.1,1.3,14.8,24.6,107,110,10.9,9.6,20.5,.090,0.1,-0.6,-0.5,4.1
95,Kevin Huerter,2019,2020,ATL,NBA,29.1,131,107,3808,10.8,.542,.095,2.6,10.7,6.6,15.9,1.4,1.2,12.9,16.3,106,116,1.7,1.3,3.0,.038,-1.2,-0.8,-2.0,0.0
96,Paul Millsap,2007,2020,TOT,NBA,29.1,989,702,28796,19.0,.132,.383,9.0,20.1,14.6,12.7,2.2,2.8,12.4,22.0,111,103,47.9,43.7,91.6,.153,1.0,1.1,2.0,29.2
97,Mychal Mulder,2020,2020,GSW,NBA,29.1,7,3,204,7.8,.776,.179,1.5,11.0,6.1,5.8,0.5,0.4,6.5,16.2,104,118,0.1,0.0,0.1,.017,-3.3,-2.9,-6.1,-0.2
98,Gary Harris,2015,2020,DEN,NBA,29.0,368,306,10663,13.1,.408,.193,2.3,7.6,5.0,10.8,2.1,0.6,10.3,18.1,110,112,11.1,7.1,18.1,.082,-0.7,-0.2,-0.9,3.0
99,Nikola Jokić,2016,2020,DEN,NBA,29.0,373,332,10819,24.9,.215,.291,9.9,27.0,18.5,30.2,1.9,2.1,15.2,24.6,120,106,33.5,14.6,48.0,.213,5.2,1.9,7.1,25.0
100,D'Angelo Russell,2016,2020,TOT,NBA,29.0,317,269,9204,16.4,.432,.188,2.0,11.9,6.8,31.8,1.9,0.7,14.9,28.7,102,112,2.5,5.9,8.4,.044,1.7,-1.4,0.4,5.5
101,Marcus Smart,2015,2020,BOS,NBA,29.0,394,182,11409,12.1,.521,.269,3.4,10.0,6.7,19.7,2.6,1.1,14.7,17.4,104,106,5.0,15.3,20.3,.086,-1.5,1.3,-0.3,4.9
102,Isaiah Thomas,2012,2020,TOT,NBA,28.9,525,361,15182,19.8,.392,.374,2.0,7.5,4.7,29.0,1.5,0.3,12.9,27.2,114,112,38.6,6.7,45.3,.143,3.7,-1.5,2.3,16.5
103,Malcolm Brogdon,2017,2020,TOT,NBA,28.6,235,160,6722,16.2,.312,.206,2.9,11.4,7.2,22.6,1.5,0.6,12.2,20.7,114,111,10.8,6.1,16.8,.120,1.0,-0.4,0.6,4.4
104,Aaron Gordon,2015,2020,ORL,NBA,28.6,399,310,11414,15.2,.320,.269,6.0,18.7,12.2,12.9,1.3,1.9,10.4,20.6,107,109,9.3,12.1,21.4,.090,0.1,-0.2,-0.1,5.5
105,Serge Ibaka,2010,2020,TOT,NBA,28.6,803,646,23001,17.2,.179,.191,8.8,19.5,14.3,4.3,0.8,5.6,10.9,19.0,112,104,33.5,34.3,67.8,.141,0.1,0.4,0.6,14.9
106,T.J. Warren,2015,2020,TOT,NBA,28.6,322,226,9218,16.4,.160,.200,5.1,10.5,7.8,6.9,1.7,1.4,7.0,21.8,112,112,12.7,5.6,18.3,.095,0.5,-0.9,-0.4,3.7
107,Bojan Bogdanović,2015,2020,TOT,NBA,28.5,462,345,13172,13.7,.442,.253,1.9,11.5,6.8,8.1,1.0,0.2,11.5,21.1,110,112,14.9,7.8,22.7,.083,0.4,-1.5,-1.1,2.9
108,Mikal Bridges,2019,2020,PHO,NBA,28.5,147,80,4189,11.7,.487,.230,3.0,11.0,6.9,9.5,2.5,1.6,11.2,12.3,115,113,3.9,3.1,7.0,.080,-1.5,0.9,-0.6,1.5
109,Evan Fournier,2013,2020,TOT,NBA,28.4,518,376,14713,13.8,.419,.234,1.6,9.0,5.3,14.5,1.5,0.3,11.7,21.8,107,111,14.4,9.4,23.9,.078,-0.3,-0.8,-1.1,3.2
110,Justise Winslow,2016,2020,MIA,NBA,28.4,241,105,6848,10.4,.274,.210,4.1,16.8,10.5,14.2,1.7,1.1,14.2,16.9,99,106,-1.0,8.8,7.7,.054,-2.6,0.7,-1.8,0.3
111,Avery Bradley,2011,2020,TOT,NBA,28.3,571,493,16143,11.1,.330,.117,2.5,9.0,5.7,10.0,1.8,0.6,11.0,20.0,99,108,0.5,15.7,16.2,.048,-1.9,-0.3,-2.2,-0.7
112,John Collins,2018,2020,ATL,NBA,28.3,176,126,4977,21.0,.178,.304,11.0,22.9,16.8,9.3,1.0,3.2,11.8,21.4,121,112,12.2,4.2,16.4,.158,1.9,-0.8,1.1,3.9
113,Myles Turner,2016,2020,IND,NBA,28.3,335,302,9491,16.9,.213,.292,5.6,20.4,13.1,6.5,1.2,6.4,10.4,19.6,110,104,10.2,15.7,25.9,.131,-0.6,1.2,0.6,6.2
114,Dion Waiters,2013,2020,TOT,NBA,28.3,412,211,11670,12.0,.324,.202,1.6,8.8,5.2,16.1,1.7,0.8,12.0,23.5,98,109,-0.1,8.8,8.7,.036,-1.2,-0.9,-2.1,-0.4
115,Patrick Beverley,2013,2020,TOT,NBA,28.2,428,348,12060,12.5,.556,.174,4.6,12.2,8.4,17.6,2.0,1.3,13.7,14.5,114,108,16.1,12.1,28.2,.112,-0.1,1.1,0.9,9.0
116,Marvin Williams,2006,2020,TOT,NBA,28.2,1066,828,30041,13.6,.326,.288,4.8,16.3,10.5,7.2,1.4,1.5,9.2,16.6,111,108,36.2,28.6,64.8,.104,-0.3,-0.1,-0.4,12.3
117,Andrew Bogut,2006,2019,TOT,NBA,28.1,706,661,19862,16.4,.004,.268,10.0,25.3,17.5,12.2,1.1,4.3,16.2,16.9,107,102,19.2,31.4,50.6,.122,-0.5,1.7,1.2,16.0
118,Draymond Green,2013,2020,GSW,NBA,28.1,576,428,16201,15.1,.379,.294,4.6,21.4,13.3,23.3,2.4,2.9,19.6,16.2,108,102,15.4,29.0,44.4,.132,0.0,2.8,2.8,19.5
119,Tristan Thompson,2012,2020,CLE,NBA,28.1,619,429,17372,15.6,.007,.414,13.6,21.5,17.5,5.5,0.9,2.1,11.8,15.5,115,109,28.0,15.0,43.1,.119,-0.2,-1.3,-1.6,1.9
120,Bogdan Bogdanović,2018,2020,SAC,NBA,28.0,201,90,5632,13.9,.475,.170,1.6,11.0,6.2,18.4,1.7,0.7,11.9,21.3,107,113,4.3,3.6,8.0,.068,0.0,-0.6,-0.7,1.9
121,Goran Dragić,2009,2020,TOT,NBA,28.0,812,509,22767,17.0,.303,.298,2.9,9.3,6.1,27.9,1.8,0.5,15.4,23.4,110,109,36.3,17.8,54.1,.114,1.4,-0.5,0.8,16.3
122,Joakim Noah,2008,2019,TOT,NBA,27.9,667,512,18596,17.6,.004,.432,13.0,23.4,18.2,16.1,1.5,3.6,17.2,16.0,112,100,27.6,34.2,61.8,.160,0.4,2.1,2.5,20.9
123,Eric Bledsoe,2011,2020,TOT,NBA,27.8,626,464,17427,18.1,.290,.341,3.3,12.3,7.9,27.2,2.6,1.4,17.2,24.0,108,106,21.6,20.7,42.3,.117,1.5,0.7,2.2,18.5
124,Buddy Hield,2017,2020,TOT,NBA,27.8,308,193,8572,15.6,.499,.117,3.1,13.6,8.2,12.7,1.4,0.9,10.7,24.6,107,113,7.2,5.9,13.1,.074,1.9,-1.2,0.8,6.0
125,DeAndre Jordan,2009,2020,TOT,NBA,27.8,875,713,24326,18.6,.002,.688,13.1,30.0,21.7,5.1,1.1,4.6,15.7,14.1,121,102,48.3,40.4,88.7,.175,0.6,0.8,1.4,20.9
126,George Hill,2009,2020,TOT,NBA,27.7,778,447,21574,15.1,.369,.291,2.4,9.9,6.2,18.2,1.7,0.8,11.4,17.9,115,106,38.7,26.3,65.0,.145,0.6,0.9,1.5,18.9
127,Greg Monroe,2011,2019,TOT,NBA,27.7,632,417,17475,20.1,.003,.360,11.3,23.1,17.1,13.4,2.0,1.7,13.6,22.4,110,106,29.5,20.2,49.7,.136,1.5,-0.1,1.4,15.2
128,Eric Paschall,2020,2020,GSW,NBA,27.6,60,26,1654,14.5,.202,.331,5.2,13.1,9.0,12.7,0.9,0.7,11.4,21.4,110,117,1.6,0.5,2.1,.062,-0.7,-2.0,-2.7,-0.3
129,Dillon Brooks,2018,2020,MEM,NBA,27.5,165,139,4531,10.2,.364,.206,2.9,9.4,6.1,9.5,1.5,0.9,11.2,21.3,100,113,-0.6,2.7,2.1,.023,-3.0,-1.3,-4.3,-2.6
130,Jeff Teague,2010,2020,TOT,NBA,27.5,771,593,21214,17.0,.245,.334,1.4,8.7,5.1,33.0,2.2,1.0,16.5,22.5,109,108,30.6,20.2,50.8,.115,1.0,-0.3,0.7,14.4
131,Tyson Chandler,2002,2020,TOT,NBA,27.3,1160,886,31617,16.1,.002,.623,12.6,25.1,18.8,4.7,1.0,3.3,17.9,13.2,118,103,56.3,45.8,102.1,.155,-0.3,0.5,0.1,16.9
132,Rodney Hood,2015,2020,TOT,NBA,27.3,341,248,9326,13.2,.434,.196,1.5,10.4,6.0,11.3,1.4,0.6,8.8,20.8,108,110,9.6,7.5,17.1,.088,-0.2,-0.4,-0.5,3.4
133,Wendell Carter,2019,2020,CHI,NBA,27.2,87,87,2366,15.4,.085,.370,10.1,23.3,16.5,8.2,1.2,3.6,14.2,17.6,111,109,2.4,2.7,5.2,.105,-2.1,0.1,-2.0,0.0
134,Tyler Herro,2020,2020,MIA,NBA,27.2,47,6,1280,11.4,.476,.148,1.3,14.6,8.2,11.1,1.1,0.5,11.3,22.0,100,112,-0.3,1.1,0.9,.033,-1.0,-1.3,-2.3,-0.1
135,Jordan Clarkson,2015,2020,TOT,NBA,27.1,445,138,12054,15.6,.338,.187,3.4,9.5,6.4,16.3,1.6,0.4,10.8,24.7,106,115,10.5,3.5,14.0,.056,0.9,-1.6,-0.7,3.9
136,Courtney Lee,2009,2020,TOT,NBA,27.1,811,518,21938,12.2,.344,.173,1.9,9.1,5.5,9.6,1.9,0.8,9.7,16.1,109,109,20.9,18.4,39.4,.086,-1.0,0.4,-0.6,7.9
137,Jaren Jackson,2019,2020,MEM,NBA,27.0,112,110,3027,16.3,.374,.281,4.5,14.3,9.4,7.3,1.4,5.1,11.7,23.3,108,109,2.6,3.8,6.5,.102,-0.5,0.5,0.0,1.5
138,Marcus Morris,2012,2020,TOT,NBA,27.0,600,347,16181,13.4,.394,.226,3.9,15.1,9.4,8.6,1.3,0.9,9.6,20.2,107,108,14.2,15.8,30.0,.089,-0.2,-0.3,-0.5,6.0
139,J.R. Smith,2005,2019,TOT,NBA,27.0,971,395,26196,14.0,.495,.190,2.2,11.3,6.7,13.2,1.9,0.6,10.4,21.7,106,109,24.5,21.9,46.4,.085,0.6,-0.3,0.2,14.8
140,Evan Turner,2011,2020,TOT,NBA,26.9,705,295,18938,11.9,.145,.214,2.2,17.0,9.5,19.8,1.4,0.8,15.5,19.1,98,107,-0.5,20.7,20.2,.051,-2.1,0.2,-1.9,0.5
141,Steven Adams,2014,2020,OKC,NBA,26.8,525,461,14091,17.2,.003,.428,14.0,16.7,15.4,6.4,1.6,3.1,14.8,15.3,119,106,25.8,19.1,44.9,.153,0.2,0.2,0.4,8.6
142,Otto Porter,2014,2020,TOT,NBA,26.8,413,295,11078,15.6,.372,.160,4.8,15.8,10.3,8.4,2.2,1.4,7.8,16.9,116,107,17.3,12.6,29.9,.129,1.0,0.7,1.7,10.4
143,Hassan Whiteside,2011,2020,TOT,NBA,26.8,404,320,10840,24.3,.006,.376,14.0,34.4,24.3,4.2,1.1,7.5,12.4,21.8,115,99,21.8,23.1,44.9,.199,1.6,1.2,2.8,13.2
144,Cam Reddish,2020,2020,ATL,NBA,26.7,58,34,1551,9.0,.451,.227,2.4,12.7,7.5,8.0,1.9,1.5,13.6,18.9,95,115,-1.2,0.8,-0.4,-.011,-3.2,-1.0,-4.2,-0.9
145,Devonte' Graham,2019,2020,CHO,NBA,26.5,109,56,2887,14.5,.599,.237,1.9,8.7,5.2,32.8,1.5,0.5,13.9,23.0,108,116,2.6,1.2,3.9,.064,1.3,-1.9,-0.6,1.0
146,Tim Hardaway,2014,2020,TOT,NBA,26.5,466,229,12331,13.7,.500,.222,1.4,9.6,5.5,11.4,1.2,0.5,8.3,22.3,108,113,12.8,6.5,19.3,.075,0.4,-1.4,-1.0,3.2
147,Dario Šarić,2017,2020,TOT,NBA,26.5,298,200,7903,13.8,.428,.225,6.7,18.6,12.6,11.9,1.1,0.8,13.2,20.4,107,110,6.4,7.5,13.9,.084,0.0,-0.8,-0.8,2.4
148,Duncan Robinson,2019,2020,MIA,NBA,26.4,80,61,2110,12.4,.877,.090,0.6,11.2,6.1,6.8,0.9,0.7,8.5,15.6,120,113,3.2,1.6,4.9,.111,0.9,-0.8,0.0,1.1
149,Taurean Waller-Prince,2017,2020,TOT,NBA,26.4,260,200,6854,11.2,.503,.185,2.3,15.2,8.8,11.2,1.7,1.4,14.6,20.4,99,110,-1.3,6.6,5.3,.037,-1.7,-0.2,-1.9,0.1
150,Nenê Hilário,2003,2019,TOT,NBA,26.2,965,626,25237,17.1,.007,.507,7.6,18.6,13.2,11.2,2.1,2.2,15.3,19.3,110,103,37.2,36.1,73.3,.139,-0.2,1.2,1.0,18.8
151,Dennis Smith,2018,2020,TOT,NBA,26.2,156,122,4094,11.9,.319,.213,2.7,10.6,6.6,28.3,2.0,1.0,16.5,26.6,93,111,-4.9,3.3,-1.6,-.018,-1.9,-0.8,-2.7,-0.7
152,Jaylen Brown,2017,2020,BOS,NBA,26.1,272,165,7108,13.8,.358,.278,3.5,14.6,9.1,8.5,1.6,1.1,11.5,21.7,106,107,4.2,9.2,13.5,.091,-1.0,-0.2,-1.2,1.4
153,Clint Capela,2015,2020,HOU,NBA,26.0,334,274,8674,22.0,.001,.371,13.7,27.4,20.5,6.1,1.3,4.8,11.3,18.1,124,105,22.9,13.5,36.4,.201,1.7,0.2,1.9,8.5
154,Jonathan Isaac,2018,2020,ORL,NBA,26.0,134,106,3481,13.6,.374,.216,5.2,17.7,11.3,5.9,2.0,5.1,11.2,16.6,104,105,0.7,5.8,6.5,.089,-1.6,1.8,0.1,1.9
155,J.J. Redick,2007,2020,TOT,NBA,25.9,890,487,23085,15.0,.518,.259,0.8,7.9,4.4,12.4,0.9,0.3,9.4,20.4,117,111,47.3,15.3,62.6,.130,1.8,-1.0,0.8,16.1
156,Pascal Siakam,2017,2020,TOR,NBA,25.9,269,175,6968,16.8,.254,.263,5.2,17.9,11.7,13.5,1.5,2.3,11.6,20.7,113,106,10.3,10.4,20.7,.143,0.6,0.9,1.5,6.1
157,Ryan Anderson,2009,2020,TOT,NBA,25.8,649,289,16769,16.5,.534,.209,8.5,14.9,11.7,5.8,1.0,1.0,7.8,20.9,115,109,34.4,12.4,46.7,.134,2.6,-1.5,1.0,12.8
158,Danuel House,2017,2020,TOT,NBA,25.8,121,63,3122,11.8,.634,.217,3.2,12.8,7.9,6.5,1.4,1.3,9.1,14.0,117,112,3.9,2.4,6.3,.097,-0.4,-0.2,-0.7,1.1
159,Coby White,2020,2020,CHI,NBA,25.8,65,1,1674,11.9,.475,.163,1.8,14.0,7.6,16.5,1.4,0.3,11.4,24.4,100,112,-0.4,1.4,0.9,.026,-1.2,-1.6,-2.8,-0.3
160,Spencer Dinwiddie,2015,2020,TOT,NBA,25.7,317,130,8162,15.5,.429,.403,1.7,9.5,5.6,30.2,1.3,0.9,12.9,22.6,112,112,12.7,5.9,18.6,.109,0.9,-0.5,0.3,4.8
161,Markelle Fultz,2018,2020,TOT,NBA,25.7,97,74,2493,13.5,.141,.211,3.1,11.1,7.0,27.5,2.2,0.7,14.4,20.7,103,110,0.5,2.7,3.2,.062,-2.3,0.3,-2.0,0.0
162,Tyler Johnson,2015,2020,TOT,NBA,25.7,301,71,7740,13.4,.392,.247,2.5,11.3,6.9,14.4,1.7,1.5,10.6,18.8,108,108,6.9,8.2,15.1,.094,-0.5,0.5,0.0,3.9
163,Derrick Favors,2011,2020,TOT,NBA,25.6,677,479,17356,18.9,.029,.355,11.3,21.6,16.4,7.6,1.6,4.0,12.1,20.4,112,104,27.8,25.5,53.3,.147,0.3,0.6,0.9,12.7
164,Caris LeVert,2017,2020,BRK,NBA,25.6,207,86,5295,14.1,.350,.256,3.0,12.0,7.5,22.0,2.0,0.7,13.4,22.8,104,110,2.0,4.9,6.9,.063,-0.6,0.0,-0.6,1.8
165,Markieff Morris,2012,2020,TOT,NBA,25.6,631,347,16145,14.0,.243,.234,5.5,18.0,11.7,10.3,1.7,1.7,12.8,21.4,103,107,8.2,16.7,24.9,.074,-1.3,0.0,-1.3,2.9
166,Domantas Sabonis,2017,2020,TOT,NBA,25.6,291,152,7439,17.2,.104,.326,8.9,25.7,17.3,15.5,1.1,1.4,15.2,21.3,111,106,10.0,10.6,20.6,.133,-0.1,0.5,0.5,4.6
167,Bam Adebayo,2018,2020,MIA,NBA,25.5,216,112,5516,18.4,.023,.483,9.1,23.8,16.6,17.2,1.6,3.2,16.6,17.9,118,105,10.3,8.9,19.2,.167,0.2,1.8,2.0,5.6
168,Miles Bridges,2019,2020,CHO,NBA,25.5,145,89,3691,12.6,.396,.165,4.4,16.1,10.1,8.8,1.3,2.4,9.7,17.8,106,113,1.7,2.8,4.5,.059,-1.2,-0.5,-1.7,0.3
169,Jeremy Lin,2011,2019,TOT,NBA,25.5,480,221,12218,15.3,.302,.383,1.8,10.3,6.0,26.7,2.1,1.1,17.6,22.1,106,108,12.7,10.8,23.5,.092,0.0,0.0,0.0,6.2
170,Dennis Schröder,2014,2020,TOT,NBA,25.5,494,176,12607,15.1,.276,.229,1.8,10.3,6.1,30.0,1.5,0.4,14.9,27.1,102,109,4.9,11.7,16.6,.063,0.0,-1.1,-1.1,2.9
171,Danny Green,2010,2020,TOT,NBA,25.4,681,605,17298,13.0,.625,.119,2.7,12.5,7.7,8.9,2.0,2.4,11.5,15.7,109,103,15.4,27.2,42.7,.118,0.5,1.6,2.1,17.9
172,Joe Ingles,2015,2020,UTA,NBA,25.4,470,260,11948,12.5,.626,.134,1.4,12.7,7.2,20.8,2.0,0.5,18.5,15.1,111,107,12.1,15.3,27.4,.110,-0.3,1.3,1.0,9.2
173,Kyle Korver,2004,2020,TOT,NBA,25.4,1224,422,31056,12.8,.615,.159,1.3,11.9,6.7,10.4,1.3,1.0,11.5,16.2,113,107,42.7,30.4,73.1,.113,0.5,0.1,0.6,20.6
174,Marvin Bagley,2019,2020,SAC,NBA,25.3,75,10,1901,18.3,.135,.336,10.3,21.3,15.6,5.7,1.0,3.3,10.4,24.5,109,110,2.0,2.0,4.0,.100,0.0,-1.4,-1.4,0.3
175,Michael Carter-Williams,2014,2020,TOT,NBA,25.3,357,192,9038,13.9,.188,.328,4.0,15.3,9.5,28.2,2.6,1.8,17.6,22.9,96,106,-3.6,10.7,7.0,.037,-1.5,0.6,-0.9,2.5
176,Josh Hart,2018,2020,TOT,NBA,25.3,187,59,4739,11.0,.603,.201,2.9,16.5,9.8,7.5,1.7,1.3,10.6,14.1,109,110,3.1,5.1,8.2,.083,-1.4,0.7,-0.7,1.6
177,Jonas Valančiūnas,2013,2020,TOT,NBA,25.3,551,523,13931,20.2,.043,.356,11.9,27.4,19.7,5.9,0.8,3.4,13.1,20.5,118,105,31.8,19.7,51.5,.177,1.1,-0.4,0.7,9.6
178,Reggie Jackson,2012,2020,TOT,NBA,25.2,553,343,13933,16.0,.310,.221,2.4,10.5,6.5,29.0,1.4,0.4,13.6,24.8,107,109,16.9,12.2,29.1,.100,1.2,-0.7,0.5,8.7
179,Al-Farouq Aminu,2011,2020,TOT,NBA,25.1,688,431,17264,12.3,.352,.264,6.3,20.9,13.6,7.2,2.0,1.8,14.1,15.2,103,106,7.3,20.2,27.5,.076,-1.1,0.6,-0.5,6.6
180,Taj Gibson,2010,2020,TOT,NBA,25.1,799,440,20094,15.5,.019,.289,10.3,17.3,13.8,6.4,1.1,3.2,11.9,17.5,111,105,25.1,27.3,52.4,.125,-1.0,0.2,-0.8,6.4
181,Udonis Haslem,2004,2020,MIA,NBA,25.1,857,499,21539,13.0,.011,.302,9.0,22.3,15.8,5.4,1.0,0.9,11.6,15.1,109,104,23.2,27.6,50.7,.113,-1.4,-0.5,-2.0,0.2
182,Iman Shumpert,2012,2020,TOT,NBA,25.0,459,246,11459,9.8,.463,.160,3.2,12.0,7.6,11.0,2.3,0.9,13.7,15.2,100,108,1.5,11.4,12.9,.054,-2.4,0.7,-1.7,0.9
183,Cedi Osman,2018,2020,CLE,NBA,24.9,202,152,5026,11.1,.477,.196,2.2,13.7,7.8,11.5,1.3,0.5,11.7,17.4,107,117,2.8,1.2,3.9,.038,-1.6,-1.3,-2.9,-1.2
184,Lou Williams,2006,2020,TOT,NBA,24.9,996,118,24775,18.4,.349,.411,1.8,8.4,5.1,22.8,1.8,0.6,11.8,26.4,111,110,45.8,17.5,63.3,.123,2.6,-0.9,1.8,23.6
185,Jae Crowder,2013,2020,TOT,NBA,24.7,601,290,14848,12.9,.535,.253,3.3,14.9,9.1,9.0,2.0,1.1,9.1,17.0,109,107,14.7,17.2,31.9,.103,-0.4,0.5,0.1,7.8
186,Josh Jackson,2018,2020,TOT,NBA,24.7,174,64,4304,11.5,.267,.278,4.3,14.9,9.5,12.1,1.9,1.9,13.7,24.8,93,113,-4.7,2.8,-1.9,-.021,-2.9,-1.1,-4.0,-2.2
187,Michael Kidd-Gilchrist,2013,2020,TOT,NBA,24.7,442,356,10928,13.5,.033,.361,7.0,17.6,12.2,7.5,1.4,2.3,10.0,16.3,108,108,9.6,11.4,21.0,.092,-1.9,0.2,-1.8,0.6
188,Terrence Ross,2013,2020,TOT,NBA,24.6,555,176,13665,12.8,.532,.127,1.6,11.4,6.5,7.1,1.7,1.1,8.2,20.0,106,109,9.4,12.6,22.0,.077,-0.1,-0.4,-0.5,5.2
189,Landry Shamet,2019,2020,TOT,NBA,24.6,126,54,3096,10.2,.731,.172,0.9,6.5,3.8,9.0,0.9,0.5,7.7,14.3,119,114,4.3,2.0,6.3,.097,-0.8,-0.8,-1.6,0.3
190,Kenneth Faried,2012,2019,TOT,NBA,24.5,478,385,11728,19.7,.011,.397,13.8,22.9,18.3,6.5,1.5,2.6,11.7,19.7,116,106,25.5,13.3,38.8,.159,1.2,-0.7,0.5,7.5
191,Austin Rivers,2013,2020,TOT,NBA,24.5,544,149,13325,10.2,.389,.240,1.6,7.9,4.7,14.0,1.4,0.6,11.0,18.2,103,112,4.4,6.9,11.3,.041,-2.2,-0.9,-3.0,-3.5
192,Will Barton,2013,2020,TOT,NBA,24.4,496,161,12110,14.6,.351,.231,3.4,15.8,9.6,15.6,1.5,1.4,11.6,21.0,107,110,11.1,9.8,20.9,.083,0.4,-0.4,0.0,6.2
193,Jerami Grant,2015,2020,TOT,NBA,24.4,447,167,10909,12.8,.334,.416,4.1,13.3,8.6,6.5,1.2,3.8,10.1,16.0,110,108,10.6,11.7,22.3,.098,-1.3,0.4,-0.9,3.1
194,Kris Dunn,2017,2020,TOT,NBA,24.3,227,126,5516,11.9,.227,.162,1.8,13.8,7.6,25.9,3.1,1.6,17.4,18.7,97,109,-2.4,6.3,3.9,.034,-3.3,1.5,-1.8,0.2
195,Devin Harris,2005,2019,TOT,NBA,24.3,985,448,23963,16.0,.317,.434,1.4,9.0,5.2,26.5,2.2,0.6,14.9,21.6,109,109,35.1,19.8,54.9,.110,0.5,0.0,0.6,15.5
196,Josh Okogie,2019,2020,MIN,NBA,24.3,136,80,3304,10.4,.407,.390,4.0,11.8,7.8,7.8,2.2,1.5,12.4,15.3,104,113,0.8,2.6,3.4,.049,-3.0,0.2,-2.7,-0.6
197,Dorian Finney-Smith,2017,2020,DAL,NBA,24.2,247,135,5973,10.2,.540,.192,6.1,12.8,9.4,6.8,1.5,1.5,11.5,13.0,110,111,3.8,5.5,9.3,.075,-1.8,0.2,-1.6,0.6
198,Joe Harris,2015,2020,TOT,NBA,24.2,325,165,7860,12.1,.555,.150,2.5,11.0,6.8,10.2,0.9,0.6,12.4,16.9,113,113,9.0,5.2,14.2,.087,-0.2,-0.6,-0.8,2.3
199,Nikola Mirotić,2015,2019,TOT,NBA,24.2,319,95,7718,16.7,.555,.277,4.2,21.8,13.1,8.3,1.5,2.3,9.9,21.7,110,105,10.2,10.6,20.8,.129,1.4,0.3,1.6,7.1
200,D.J. Augustin,2009,2020,TOT,NBA,24.1,856,313,20634,14.2,.437,.325,1.4,7.6,4.5,26.7,1.3,0.1,14.5,19.5,111,111,30.7,13.7,44.5,.103,0.6,-1.1,-0.5,8.0
201,Emmanuel Mudiay,2016,2020,TOT,NBA,24.1,294,164,7078,11.8,.280,.252,2.1,11.4,6.7,24.9,1.5,1.0,16.4,24.5,96,113,-4.0,3.9,-0.1,-.001,-1.5,-1.6,-3.1,-2.1
202,Kelly Oubre,2016,2020,TOT,NBA,24.1,348,99,8375,12.5,.412,.280,3.7,15.6,9.6,5.8,1.8,1.6,9.3,19.9,105,110,4.2,7.7,12.0,.069,-1.5,-0.4,-1.9,0.2
203,Jarrett Allen,2018,2020,BRK,NBA,24.0,216,169,5184,18.8,.047,.480,10.8,22.7,16.8,7.2,1.0,4.4,13.3,15.7,124,106,11.4,7.6,19.0,.176,0.1,0.9,1.1,4.0
204,Allen Crabbe,2014,2020,TOT,NBA,24.0,381,113,9125,10.8,.553,.160,1.3,11.4,6.3,7.1,1.2,0.9,8.4,16.0,109,112,8.1,5.7,13.7,.072,-1.2,-0.4,-1.6,0.9
205,Jarrett Culver,2020,2020,MIN,NBA,23.9,63,35,1506,9.6,.388,.206,4.7,10.3,7.4,10.8,1.8,2.1,11.5,19.2,94,113,-1.2,1.1,-0.1,-.004,-3.2,-0.8,-4.0,-0.8
206,Jemerrio Jones,2019,2019,LAL,NBA,23.8,6,2,143,12.1,.303,.061,11.8,23.4,17.7,11.4,2.3,2.9,12.9,11.3,102,105,0.0,0.2,0.2,.084,-2.2,2.4,0.2,0.1
207,Terrence Jones,2013,2019,TOT,NBA,23.8,234,118,5562,17.1,.159,.301,8.0,18.1,13.2,7.0,1.3,3.8,8.9,19.2,111,105,7.7,7.0,14.7,.127,0.4,0.1,0.5,3.6
208,DeMarre Carroll,2010,2020,TOT,NBA,23.7,575,339,13616,13.3,.437,.282,5.4,14.6,10.0,8.0,1.9,0.9,9.5,17.0,110,108,15.4,14.0,29.4,.104,-0.2,0.2,0.0,6.7
209,Kevin Knox,2019,2020,NYK,NBA,23.7,140,61,3324,8.6,.428,.249,2.7,14.0,8.2,6.5,1.0,1.4,9.8,20.8,94,115,-2.7,1.6,-1.2,-.017,-3.3,-1.9,-5.2,-2.7
210,Ben McLemore,2014,2020,TOT,NBA,23.6,431,252,10162,9.6,.496,.194,2.1,9.4,5.8,7.0,1.4,0.7,12.4,17.5,102,112,3.1,4.6,7.6,.036,-2.0,-1.0,-3.0,-2.7
211,Willie Cauley-Stein,2016,2020,TOT,NBA,23.5,349,238,8187,17.0,.007,.320,8.0,21.4,14.6,10.3,1.9,3.1,10.4,17.8,113,108,10.9,9.5,20.3,.119,-0.6,0.6,0.1,4.3
212,Larry Nance,2016,2020,TOT,NBA,23.5,315,96,7396,17.2,.159,.238,9.5,21.8,15.5,11.3,2.5,1.8,12.2,14.6,120,109,13.0,7.3,20.3,.132,0.3,1.0,1.3,6.1
213,Fred VanVleet,2017,2020,TOR,NBA,23.5,225,76,5293,14.9,.472,.206,1.4,10.2,5.9,24.4,2.1,0.9,11.6,19.7,112,108,7.2,6.9,14.1,.128,0.7,0.8,1.5,4.7
214,Bruce Brown,2019,2020,DET,NBA,23.4,132,99,3083,9.6,.248,.235,3.9,13.0,8.3,14.9,1.6,1.8,14.8,13.9,104,111,0.6,2.9,3.6,.056,-3.1,0.9,-2.2,-0.2
215,Ersan İlyasova,2007,2020,TOT,NBA,23.4,801,423,18718,15.4,.338,.226,8.1,19.2,13.6,7.8,1.5,1.2,9.3,19.9,110,105,24.8,23.4,48.2,.124,0.2,-0.3,-0.1,8.9
216,Lance Stephenson,2011,2019,TOT,NBA,23.4,508,199,11866,12.1,.281,.198,3.2,16.6,9.9,19.7,1.4,0.5,16.4,19.3,99,105,1.0,15.7,16.7,.068,-1.6,0.5,-1.2,2.5
217,Luke Kennard,2018,2020,DET,NBA,23.3,164,44,3822,12.6,.488,.160,1.2,12.3,6.6,14.1,1.1,0.7,10.6,18.2,111,112,4.0,3.0,7.0,.088,-0.2,-0.5,-0.8,1.2
218,Luc Mbah a Moute,2009,2019,TOT,NBA,23.3,686,453,16013,10.7,.167,.328,6.6,13.3,9.8,5.7,1.9,1.3,13.2,13.6,103,106,6.5,19.5,26.0,.078,-2.2,0.7,-1.5,2.0
219,Tomáš Satoranský,2017,2020,TOT,NBA,23.3,275,151,6404,13.6,.310,.254,4.3,10.5,7.3,24.5,1.8,0.6,17.1,14.5,116,113,9.4,4.4,13.8,.103,-0.6,0.0,-0.6,2.3
220,OG Anunoby,2018,2020,TOR,NBA,23.2,204,130,4730,11.2,.481,.164,4.1,12.2,8.2,5.9,1.9,1.5,11.3,14.1,110,107,3.5,6.6,10.1,.103,-1.4,0.9,-0.5,1.8
221,Kevin Porter,2020,2020,CLE,NBA,23.2,50,3,1162,10.8,.375,.240,2.1,13.5,7.7,13.9,1.9,1.0,16.7,20.5,99,115,-0.3,0.6,0.3,.011,-3.2,-0.6,-3.7,-0.5
222,Maurice Harkless,2013,2020,TOT,NBA,23.1,537,324,12384,12.2,.311,.232,5.6,12.0,8.8,5.9,2.1,2.3,11.7,14.3,108,108,8.9,13.0,21.9,.085,-1.4,0.9,-0.5,4.7
223,Corey Brewer,2008,2019,TOT,NBA,23.0,814,310,18738,11.8,.281,.272,3.6,10.0,6.8,10.2,2.7,0.9,11.8,18.6,101,108,5.6,16.8,22.5,.058,-2.2,0.6,-1.6,2.0
224,Langston Galloway,2015,2020,TOT,NBA,23.0,405,62,9295,11.5,.526,.154,2.4,10.2,6.2,11.6,1.6,0.6,7.0,17.1,108,111,7.3,6.4,13.7,.071,-1.0,-0.4,-1.4,1.4
225,Justin Holiday,2013,2020,TOT,NBA,23.0,422,164,9700,11.1,.561,.164,1.8,12.0,6.8,9.1,2.1,1.5,10.4,16.4,103,109,2.4,9.6,12.0,.059,-1.6,0.5,-1.1,2.1
226,Derrick White,2018,2020,SAS,NBA,23.0,145,68,3335,15.3,.303,.306,2.3,12.8,7.6,19.8,1.6,2.7,13.1,17.8,114,112,4.5,3.0,7.5,.108,0.2,0.8,0.9,2.5
227,Trey Burke,2014,2020,TOT,NBA,22.9,386,128,8858,14.0,.352,.148,1.9,8.1,5.0,25.8,1.3,0.4,10.6,23.3,105,112,7.0,4.1,11.1,.060,0.5,-1.7,-1.1,1.9
228,Damion Lee,2018,2020,TOT,NBA,22.9,96,47,2202,12.4,.465,.224,2.5,16.2,9.2,12.1,1.8,0.3,9.6,18.7,107,113,1.3,1.5,2.8,.061,-1.6,-0.7,-2.2,-0.1
229,Jusuf Nurkić,2015,2019,TOT,NBA,22.9,310,229,7103,19.1,.014,.368,11.9,26.0,19.0,13.2,1.8,4.5,15.7,24.6,104,103,4.7,11.7,16.4,.111,-0.9,1.1,0.2,3.9
230,Kenrich Williams,2019,2020,NOP,NBA,22.9,81,47,1858,8.8,.597,.102,5.9,16.4,11.1,9.0,1.7,1.8,11.4,11.0,104,111,0.3,1.7,2.0,.052,-2.7,0.6,-2.1,0.0
231,Cody Zeller,2014,2020,TOT,NBA,22.9,419,252,9613,16.0,.043,.454,9.3,19.4,14.3,9.6,1.5,2.6,12.5,16.8,115,106,15.2,12.5,27.7,.138,-1.2,0.7,-0.5,3.7
232,Michael Beasley,2009,2019,TOT,NBA,22.8,609,238,13903,15.6,.126,.218,5.5,18.2,11.8,10.1,1.3,1.8,12.3,26.9,100,108,2.0,13.6,15.6,.054,-0.7,-1.0,-1.7,0.9
233,Rondae Hollis-Jefferson,2016,2020,TOT,NBA,22.8,286,152,6528,14.7,.092,.427,6.9,19.6,13.3,12.9,2.0,1.9,12.8,19.6,106,107,4.0,8.3,12.3,.090,-1.6,0.9,-0.7,2.2
234,Nick Young,2008,2019,TOT,NBA,22.8,720,201,16419,12.9,.399,.236,1.8,8.1,4.9,7.0,1.2,0.6,8.5,22.7,105,113,14.2,4.4,18.6,.054,-0.3,-1.9,-2.2,-0.8
235,Marco Belinelli,2008,2020,TOT,NBA,22.7,855,219,19444,12.2,.464,.212,1.1,9.1,5.1,11.3,1.3,0.3,10.1,19.4,107,111,17.8,12.4,30.2,.075,-0.5,-0.8,-1.3,3.3
236,Terry Rozier,2016,2020,TOT,NBA,22.7,335,93,7597,13.4,.468,.174,3.0,15.0,9.0,18.0,1.7,0.7,10.1,20.3,106,109,4.5,8.5,12.9,.082,-0.2,0.1,-0.1,3.7
237,Ky Bowman,2020,2020,GSW,NBA,22.6,45,12,1015,9.2,.333,.128,2.5,10.7,6.5,19.4,2.1,0.9,17.1,17.2,96,115,-0.6,0.6,-0.1,-.003,-4.0,-0.3,-4.3,-0.6
238,Monte Morris,2018,2020,DEN,NBA,22.6,150,14,3397,15.8,.312,.122,1.8,8.2,5.0,22.5,1.9,0.5,7.2,17.1,121,112,6.8,3.0,9.8,.138,0.8,0.2,1.0,2.6
239,Jared Dudley,2008,2020,TOT,NBA,22.5,887,286,19983,12.6,.431,.246,4.6,11.3,8.0,10.2,1.8,0.6,11.7,14.4,114,109,27.8,15.0,42.8,.103,-0.1,0.3,0.2,11.1
240,Jodie Meeks,2010,2019,TOT,NBA,22.5,539,204,12110,12.8,.524,.253,1.4,9.0,5.1,7.5,1.7,0.2,8.5,17.8,111,109,15.4,8.9,24.3,.096,-0.3,-0.3,-0.6,4.2
241,Tony Snell,2014,2020,TOT,NBA,22.5,501,275,11278,9.1,.585,.112,1.4,9.9,5.7,7.4,1.1,0.9,9.1,12.6,110,111,8.1,8.0,16.1,.068,-1.7,-0.4,-2.0,0.0
242,Robin Lopez,2009,2020,TOT,NBA,22.4,826,584,18511,16.0,.026,.266,11.4,13.5,12.5,5.9,0.5,4.0,12.4,17.6,113,109,28.6,16.1,44.7,.116,-0.4,-0.6,-1.0,4.8
243,Jordan Poole,2020,2020,GSW,NBA,22.4,57,14,1274,7.2,.528,.237,0.7,9.6,5.0,15.8,1.3,0.7,11.8,21.1,91,117,-1.6,0.4,-1.2,-.047,-4.4,-2.2,-6.6,-1.5
244,Seth Curry,2014,2020,TOT,NBA,22.3,251,73,5589,14.4,.511,.152,1.7,8.2,4.9,12.4,1.6,0.4,10.8,18.3,116,112,8.9,3.8,12.7,.109,0.8,-0.3,0.5,3.5
245,Frank Kaminsky,2016,2020,TOT,NBA,22.2,314,36,6970,13.8,.413,.265,3.7,16.5,10.0,11.8,1.0,1.4,8.6,20.2,107,110,6.0,6.3,12.4,.085,-0.1,-0.5,-0.6,2.5
246,Nerlens Noel,2015,2020,TOT,NBA,22.2,355,166,7864,17.5,.003,.354,9.3,21.7,15.3,8.7,2.9,5.1,16.1,16.7,108,101,7.0,14.4,21.4,.131,-1.4,2.4,1.0,5.9
247,Gorgui Dieng,2014,2020,TOT,NBA,22.1,510,204,11260,16.2,.107,.338,9.4,22.4,15.8,9.3,1.9,3.7,14.4,16.1,113,107,15.0,12.2,27.1,.116,-0.5,0.7,0.2,6.2
248,Wesley Johnson,2011,2019,TOT,NBA,22.1,609,334,13472,10.0,.453,.122,2.7,13.0,7.8,7.2,1.7,2.3,11.0,15.5,98,109,0.3,10.4,10.7,.038,-1.9,0.3,-1.6,1.2
249,Luguentz Dort,2020,2020,OKC,NBA,22.0,29,21,637,7.3,.465,.229,2.7,6.6,4.7,4.5,1.8,0.3,8.0,13.0,105,112,0.2,0.5,0.7,.052,-4.3,0.4,-3.9,-0.3
250,Solomon Hill,2014,2020,TOT,NBA,22.0,359,172,7904,9.1,.467,.246,3.3,12.3,7.8,10.1,1.5,0.9,14.0,13.1,103,108,2.4,8.1,10.5,.064,-2.6,0.5,-2.0,-0.1
251,Alec Burks,2012,2020,TOT,NBA,21.9,488,85,10664,13.9,.268,.373,3.1,13.7,8.3,13.8,1.5,0.7,11.7,22.5,105,110,8.5,7.5,15.9,.072,-0.5,-0.7,-1.2,2.2
252,JaMychal Green,2015,2020,TOT,NBA,21.9,354,151,7754,13.6,.305,.247,9.3,22.4,15.8,6.6,1.3,1.8,13.5,16.9,109,107,7.5,9.3,16.8,.104,-1.2,-0.4,-1.6,0.8
253,Thabo Sefolosha,2007,2020,TOT,NBA,21.9,869,475,19062,11.4,.344,.208,3.8,15.2,9.6,9.2,2.5,1.5,14.0,12.7,106,103,10.8,28.5,39.3,.099,-1.4,2.0,0.6,12.4
254,Nemanja Bjelica,2016,2020,TOT,NBA,21.8,333,153,7245,13.6,.480,.151,5.9,18.7,12.2,11.3,1.5,1.8,12.6,15.8,114,111,9.2,6.2,15.4,.102,0.0,0.3,0.3,4.2
255,Cory Joseph,2012,2020,TOT,NBA,21.8,592,117,12894,12.2,.237,.212,2.6,10.6,6.7,19.0,1.8,0.9,12.8,15.8,108,108,10.8,13.1,24.0,.089,-1.3,0.5,-0.8,3.9
256,Enes Kanter,2012,2020,TOT,NBA,21.8,634,222,13840,20.7,.027,.300,14.9,23.8,19.3,6.7,0.9,1.8,13.4,23.0,114,107,29.2,14.2,43.4,.151,1.5,-1.7,-0.2,6.3
257,Royce O'Neale,2018,2020,UTA,NBA,21.8,215,75,4683,9.6,.533,.176,1.7,18.1,10.1,11.1,1.4,1.2,14.6,11.2,111,107,3.1,6.6,9.7,.099,-1.9,2.0,0.1,2.5
258,Mitchell Robinson,2019,2020,NYK,NBA,21.8,127,26,2772,22.7,.000,.448,13.5,19.1,16.2,4.1,1.8,9.0,8.7,12.7,142,107,8.8,4.1,12.9,.223,0.9,1.9,2.7,3.3
259,Brandon Clarke,2020,2020,MEM,NBA,21.7,50,3,1086,21.8,.127,.228,7.7,20.3,14.1,10.1,1.1,3.3,9.3,19.0,129,109,3.1,1.3,4.4,.192,2.8,0.7,3.5,1.5
260,Bryn Forbes,2017,2020,SAS,NBA,21.7,261,155,5674,10.7,.546,.125,0.9,8.7,4.8,9.6,0.9,0.1,8.2,17.6,109,114,4.3,3.1,7.4,.063,-1.2,-1.2,-2.4,-0.5
261,Mason Plumlee,2014,2020,TOT,NBA,21.6,524,257,11320,17.9,.010,.556,10.1,21.9,16.0,15.1,1.8,3.5,17.2,17.5,114,105,18.9,15.1,34.0,.144,-0.1,1.4,1.3,9.6
262,T.J. McConnell,2016,2020,TOT,NBA,21.5,377,75,8103,13.9,.121,.112,2.4,11.8,7.1,32.3,2.7,0.6,20.5,15.3,107,108,6.1,9.2,15.3,.091,-1.5,0.9,-0.6,2.8
263,Rodney McGruder,2017,2020,TOT,NBA,21.5,212,115,4564,8.9,.486,.156,4.5,10.9,7.7,8.7,1.2,0.8,10.6,13.1,106,110,2.0,4.5,6.5,.068,-2.2,0.0,-2.2,-0.2
264,E'Twaun Moore,2012,2020,TOT,NBA,21.4,566,189,12113,11.4,.340,.106,2.4,7.9,5.2,12.5,1.5,0.8,10.6,17.3,105,111,6.5,7.9,14.4,.057,-1.6,-0.3,-1.9,0.3
265,Miloš Teodosić,2018,2019,LAC,NBA,21.4,60,36,1284,11.0,.648,.133,1.6,10.3,6.1,26.5,1.0,0.4,21.8,18.1,105,114,0.8,0.5,1.3,.049,-0.7,-1.5,-2.2,-0.1
266,Jerryd Bayless,2009,2019,TOT,NBA,21.3,586,99,12486,12.2,.331,.284,1.6,9.9,5.8,21.2,1.5,0.5,14.9,20.1,104,109,8.7,9.9,18.6,.072,-1.1,-0.5,-1.6,1.1
267,Frank Ntilikina,2018,2020,NYK,NBA,21.3,178,51,3797,7.7,.367,.141,2.0,9.0,5.5,19.9,1.9,1.1,17.9,16.4,93,113,-3.1,2.3,-0.9,-.011,-4.4,-0.3,-4.7,-2.5
268,Kent Bazemore,2013,2020,TOT,NBA,21.2,547,278,11584,11.8,.407,.266,1.9,14.6,8.3,13.2,2.4,1.9,14.8,20.2,97,106,-2.9,14.5,11.7,.048,-2.1,0.8,-1.3,2.1
269,Jeremy Lamb,2013,2020,TOT,NBA,21.2,481,128,10196,15.8,.345,.220,2.7,16.5,9.6,12.0,1.7,1.4,8.1,21.7,109,108,12.0,11.4,23.4,.110,0.5,0.3,0.7,7.0
270,Kelly Olynyk,2014,2020,TOT,NBA,21.2,492,100,10436,15.7,.408,.263,6.0,19.0,12.6,13.8,1.7,1.7,14.8,19.9,111,106,14.1,14.0,28.1,.129,0.1,0.7,0.8,7.3
271,Amir Johnson,2006,2019,TOT,NBA,21.1,870,485,18323,15.8,.072,.291,10.8,18.6,14.7,9.1,1.5,3.6,15.5,14.8,117,105,32.0,23.3,55.3,.145,-0.7,1.0,0.3,10.6
272,Maxi Kleber,2018,2020,DAL,NBA,21.1,209,75,4403,13.4,.544,.183,6.3,16.0,11.2,6.4,0.9,4.0,9.5,13.7,119,110,6.2,4.7,10.9,.119,-0.4,0.6,0.3,2.5
273,Patrick Patterson,2011,2020,TOT,NBA,21.1,673,99,14172,12.6,.394,.130,6.4,15.2,10.8,7.4,1.3,1.6,9.4,14.5,112,108,17.1,13.1,30.2,.102,0.1,-0.1,0.0,7.1
274,Wayne Ellington,2010,2020,TOT,NBA,21.0,681,166,14278,11.1,.553,.115,1.7,10.1,5.8,8.2,1.3,0.3,8.2,17.2,107,112,11.0,7.2,18.2,.061,-0.6,-0.9,-1.6,1.6
275,Garrett Temple,2010,2020,TOT,NBA,21.0,569,243,11974,9.6,.501,.206,2.1,9.9,6.0,11.9,2.0,1.3,13.4,14.8,101,109,1.8,11.7,13.5,.054,-2.7,0.7,-2.0,0.1
276,Terrance Ferguson,2018,2020,OKC,NBA,20.9,185,123,3864,5.9,.707,.100,2.1,5.2,3.6,4.6,1.1,0.9,9.5,10.0,109,112,1.8,2.9,4.7,.058,-3.9,0.1,-3.8,-1.8
277,Montrezl Harrell,2016,2020,TOT,NBA,20.9,318,25,6643,22.4,.019,.430,9.1,16.0,12.6,10.7,1.3,3.6,10.4,22.6,122,109,18.6,7.6,26.2,.190,2.2,0.4,2.6,7.7
278,Juan Toscano-Anderson,2020,2020,GSW,NBA,20.9,13,6,272,9.4,.365,.079,3.5,17.8,10.4,13.8,2.3,1.7,19.7,12.7,98,112,-0.1,0.2,0.2,.030,-3.9,0.4,-3.5,-0.1
279,Tyler Ulis,2017,2019,TOT,NBA,20.9,133,58,2782,11.3,.228,.174,1.7,7.1,4.3,29.0,2.0,0.3,16.1,19.2,99,115,-0.5,0.9,0.5,.008,-2.2,-1.4,-3.6,-1.1
280,Denzel Valentine,2017,2020,CHI,NBA,20.9,170,42,3559,10.9,.574,.062,2.0,17.2,9.4,15.0,1.7,0.6,12.0,17.7,101,110,0.4,3.2,3.6,.048,-1.6,0.1,-1.6,0.4
281,Dante Cunningham,2010,2019,TOT,NBA,20.8,715,195,14875,11.1,.166,.152,6.0,14.4,10.1,5.1,1.6,1.8,8.0,13.2,107,108,10.5,14.5,24.9,.080,-2.0,0.3,-1.7,1.1
282,Yogi Ferrell,2017,2020,TOT,NBA,20.7,243,53,5030,12.0,.458,.180,1.4,10.3,5.7,16.9,1.5,0.5,10.7,17.6,108,112,3.7,3.4,7.1,.068,-1.2,-0.2,-1.4,0.7
283,Donte DiVincenzo,2019,2020,MIL,NBA,20.6,86,22,1773,13.6,.528,.156,4.5,14.7,9.9,12.5,2.4,1.2,12.9,16.5,110,102,1.4,3.7,5.1,.137,-1.1,2.2,1.1,1.4
284,Andrew Harrison,2017,2019,TOT,NBA,20.6,145,64,2987,10.3,.384,.441,1.9,9.3,5.5,20.4,1.6,1.5,15.0,17.8,103,111,0.9,2.2,3.2,.051,-2.8,0.0,-2.8,-0.6
285,James Johnson,2010,2020,TOT,NBA,20.6,634,220,13081,14.6,.250,.258,4.5,15.3,9.9,16.3,1.9,3.5,16.6,19.1,104,105,7.1,17.5,24.6,.090,-0.7,1.5,0.8,9.3
286,Stanley Johnson,2016,2020,TOT,NBA,20.5,305,64,6256,8.6,.411,.185,2.8,14.8,8.6,10.0,2.2,0.9,14.0,17.5,92,107,-4.7,7.9,3.2,.025,-3.8,0.9,-2.9,-1.5
287,David Nwaba,2017,2020,TOT,NBA,20.5,161,37,3295,12.4,.191,.423,4.9,15.0,9.8,8.0,1.8,1.7,11.2,14.7,111,112,3.1,2.3,5.4,.079,-2.2,0.2,-2.0,-0.1
288,Jonathon Simmons,2016,2019,TOT,NBA,20.5,258,69,5298,11.0,.258,.317,2.6,10.3,6.5,13.5,1.5,0.9,14.5,19.8,101,109,0.7,5.5,6.2,.056,-2.9,-0.2,-3.1,-1.5
289,Isaiah Canaan,2014,2019,TOT,NBA,20.4,235,77,4799,10.7,.627,.227,1.4,8.7,5.0,14.8,1.5,0.4,12.4,18.9,103,112,2.2,2.1,4.3,.043,-1.3,-1.1,-2.4,-0.5
290,Matthew Dellavedova,2014,2020,TOT,NBA,20.4,434,92,8849,9.8,.485,.164,2.1,7.9,5.0,25.6,1.2,0.2,18.7,14.8,106,113,6.2,4.0,10.1,.055,-1.9,-1.2,-3.1,-2.5
291,C.J. Miles,2006,2020,TOT,NBA,20.4,848,303,17282,13.1,.497,.192,2.4,10.9,6.7,8.5,1.8,1.2,8.7,21.6,105,108,14.1,16.0,30.1,.084,-0.1,-0.3,-0.4,6.9
292,Darius Miller,2013,2019,TOT,NBA,20.4,253,28,5161,8.4,.684,.145,1.1,7.9,4.5,8.9,1.1,1.0,10.9,12.5,111,114,4.0,1.9,5.9,.055,-2.1,-0.5,-2.5,-0.7
293,Jahlil Okafor,2016,2020,TOT,NBA,20.4,218,114,4437,16.6,.009,.278,8.4,18.1,13.2,8.2,0.7,3.3,13.2,23.7,104,110,2.8,3.6,6.4,.069,-1.0,-1.0,-2.0,0.0
294,Bobby Portis,2016,2020,TOT,NBA,20.4,315,54,6437,16.1,.264,.166,9.0,22.5,15.6,9.7,1.2,1.2,10.1,22.8,106,110,4.8,6.0,10.8,.081,0.2,-1.5,-1.3,1.1
295,Omri Casspi,2010,2019,TOT,NBA,20.3,588,145,11959,13.0,.354,.278,4.5,17.6,11.1,8.6,1.5,0.9,12.3,17.8,106,109,10.0,9.5,19.6,.078,-0.4,-0.4,-0.8,3.5
296,Cameron Johnson,2020,2020,PHO,NBA,20.3,49,1,996,12.2,.705,.142,4.3,11.5,7.8,7.4,1.4,1.4,7.7,16.0,114,113,1.1,0.7,1.8,.086,0.5,-0.7,-0.2,0.5
297,Bismack Biyombo,2012,2020,TOT,NBA,20.2,636,271,12864,13.1,.001,.595,10.7,24.0,17.2,4.0,0.6,5.3,16.2,12.4,109,106,10.0,15.4,25.3,.095,-2.8,0.2,-2.6,-1.9
298,Dragan Bender,2017,2020,TOT,NBA,20.1,187,67,3755,7.6,.607,.139,3.2,17.7,10.4,8.9,0.7,2.3,16.9,13.5,96,114,-1.3,1.8,0.5,.006,-3.3,-0.7,-3.9,-1.9
299,Jalen Brunson,2019,2020,DAL,NBA,20.1,130,54,2613,13.6,.316,.205,1.9,10.3,6.1,24.3,1.1,0.3,12.9,19.6,112,114,3.2,1.7,4.9,.089,-0.7,-0.6,-1.3,0.5
300,Damyean Dotson,2018,2020,NYK,NBA,20.1,165,42,3314,10.9,.499,.134,1.7,12.6,7.0,10.2,1.4,0.4,8.2,17.1,106,115,1.5,1.5,3.0,.044,-1.5,-0.7,-2.2,-0.2
301,Ish Smith,2011,2020,TOT,NBA,20.1,602,161,12088,13.5,.172,.144,1.9,11.8,6.7,30.7,1.8,1.0,13.5,20.4,101,110,2.9,9.9,12.8,.051,-1.0,-0.2,-1.3,2.2
302,James Ennis,2015,2020,TOT,NBA,20.0,339,95,6768,11.5,.446,.310,5.5,12.7,9.1,6.6,1.5,1.3,11.7,14.0,114,110,7.8,6.0,13.8,.098,-1.3,-0.1,-1.4,1.0
303,Doug McDermott,2015,2020,TOT,NBA,20.0,403,14,8040,11.2,.448,.148,2.0,10.0,6.0,6.3,0.5,0.4,8.0,16.9,112,113,9.1,4.5,13.6,.081,-0.6,-1.4,-2.1,-0.1
304,Troy Brown,2019,2020,WAS,NBA,19.9,113,24,2249,12.9,.289,.218,4.7,18.6,11.4,13.6,2.0,0.4,10.5,16.9,108,114,1.4,1.3,2.8,.059,-1.1,-0.6,-1.7,0.1
305,Ed Davis,2011,2020,TOT,NBA,19.9,665,95,13221,16.5,.001,.408,12.8,24.7,18.7,6.0,1.3,3.3,12.6,14.0,119,105,24.4,17.3,41.7,.151,-0.5,0.3,-0.1,6.2
306,Nik Stauskas,2015,2019,TOT,NBA,19.9,335,63,6662,9.1,.570,.216,1.3,10.1,5.7,11.6,1.0,0.9,13.6,16.3,101,113,1.1,2.8,3.8,.028,-1.9,-1.1,-3.0,-1.7
307,Allonzo Trier,2019,2020,NYK,NBA,19.9,88,4,1750,12.5,.296,.426,2.2,11.6,6.8,13.2,0.9,0.9,15.7,21.4,106,116,0.9,0.6,1.4,.039,-1.2,-1.5,-2.7,-0.3
308,Thomas Bryant,2018,2020,TOT,NBA,19.8,125,81,2469,20.3,.196,.290,8.2,24.4,16.1,10.3,0.8,3.5,10.5,17.8,128,113,6.6,1.9,8.5,.165,2.1,-0.6,1.5,2.1
309,Sekou Doumbouya,2020,2020,DET,NBA,19.8,38,19,754,6.2,.415,.195,3.0,14.9,8.9,3.6,1.3,0.9,12.0,16.9,90,114,-0.8,0.5,-0.3,-.020,-5.2,-1.5,-6.7,-0.9
310,Gerald Green,2006,2019,TOT,NBA,19.8,658,118,13026,13.0,.481,.182,2.8,11.5,7.1,7.7,1.3,1.2,10.7,23.0,103,109,7.6,10.7,18.4,.068,-0.2,-1.1,-1.3,2.4
311,Chandler Hutchison,2019,2020,CHI,NBA,19.8,72,24,1422,10.1,.229,.302,3.7,19.2,11.3,6.1,1.7,0.8,10.7,14.8,101,112,0.0,1.3,1.2,.041,-3.1,-0.3,-3.4,-0.5
312,Dejounte Murray,2017,2020,SAS,NBA,19.8,177,106,3512,15.4,.116,.216,5.7,20.5,13.1,21.9,2.9,1.3,16.9,20.9,101,105,0.3,5.5,5.8,.079,-1.4,1.7,0.3,2.0
313,Delon Wright,2016,2020,TOT,NBA,19.8,263,23,5219,16.0,.307,.285,4.3,12.5,8.5,20.7,2.5,1.6,13.0,17.0,115,107,7.8,7.0,14.8,.137,0.6,1.7,2.2,5.6
314,Reggie Bullock,2014,2020,TOT,NBA,19.7,301,138,5924,11.0,.578,.109,1.8,9.9,5.8,8.5,1.3,0.5,8.3,15.0,111,111,5.5,4.7,10.2,.083,-0.7,-0.1,-0.8,1.8
315,John Henson,2013,2020,TOT,NBA,19.7,445,160,8752,17.1,.030,.322,10.4,20.5,15.4,9.1,1.2,6.2,14.0,18.1,109,105,9.5,11.2,20.7,.113,-1.1,0.6,-0.4,3.4
316,Alex Len,2014,2020,TOT,NBA,19.7,461,180,9095,15.3,.100,.394,11.0,23.6,17.2,6.6,1.0,4.1,14.6,18.1,108,108,8.6,9.2,17.8,.094,-1.7,-0.3,-2.0,-0.1
317,Jordan McLaughlin,2020,2020,MIN,NBA,19.7,30,2,590,16.3,.427,.219,1.2,7.8,4.4,31.0,2.7,0.6,13.7,15.8,121,113,1.2,0.4,1.6,.130,0.4,-0.1,0.3,0.3
318,Kyle Anderson,2015,2020,TOT,NBA,19.6,359,160,7022,13.4,.152,.271,3.9,18.5,11.3,14.1,2.4,2.3,15.1,13.2,109,103,5.2,12.4,17.6,.120,-1.3,2.8,1.5,6.2
319,Ryan Arcidiacono,2018,2020,CHI,NBA,19.6,163,36,3195,10.4,.568,.215,1.6,10.7,6.0,17.2,1.6,0.2,13.2,11.6,117,114,3.5,1.8,5.3,.080,-2.5,0.1,-2.4,-0.3
320,J.J. Barea,2007,2020,TOT,NBA,19.6,828,105,16228,14.5,.349,.176,1.8,10.4,6.0,33.2,1.0,0.1,15.0,23.4,104,111,13.7,10.1,23.8,.070,0.7,-1.4,-0.7,5.4
321,Justin Jackson,2018,2020,TOT,NBA,19.6,207,57,4049,10.2,.478,.131,2.6,12.0,7.2,7.6,0.9,0.8,5.9,14.6,110,114,3.1,2.1,5.1,.061,-1.6,-1.0,-2.6,-0.6
322,Derrick Jones,2017,2020,TOT,NBA,19.6,163,45,3192,13.7,.300,.365,7.3,12.1,9.8,5.2,1.8,3.0,8.6,14.2,119,109,4.6,3.8,8.3,.125,-1.2,0.7,-0.5,1.2
323,De'Anthony Melton,2019,2020,TOT,NBA,19.6,102,39,1995,12.3,.348,.220,3.4,14.2,8.8,21.6,3.1,1.7,18.6,17.3,100,110,-0.4,2.2,1.8,.044,-2.7,1.5,-1.2,0.4
324,Anthony Tolliver,2009,2020,TOT,NBA,19.6,711,101,13958,11.0,.653,.240,4.2,14.9,9.5,6.6,1.0,1.2,10.5,13.6,113,110,15.7,9.9,25.6,.088,-0.7,-0.4,-1.1,3.2
325,Kobi Simmons,2018,2019,TOT,NBA,19.5,33,12,645,7.7,.206,.132,2.5,6.6,4.5,16.5,1.4,0.7,18.0,17.0,94,115,-0.4,0.2,-0.2,-.013,-4.8,-2.1,-6.9,-0.8
326,Matisse Thybulle,2020,2020,PHI,NBA,19.5,57,13,1110,9.8,.607,.175,3.5,5.1,4.3,8.3,3.5,3.1,15.1,11.6,103,105,0.1,1.8,1.9,.084,-3.0,3.1,0.1,0.6
327,DeAndre' Bembry,2017,2020,ATL,NBA,19.4,189,23,3672,9.9,.267,.218,3.2,15.7,9.3,13.9,2.4,1.8,18.4,16.2,95,111,-2.3,3.4,1.0,.013,-3.6,0.8,-2.8,-0.8
328,Marquese Chriss,2017,2020,TOT,NBA,19.4,256,147,4965,13.4,.314,.323,6.9,20.7,13.6,8.7,1.7,3.6,14.7,19.1,102,110,1.0,4.7,5.7,.055,-2.3,0.0,-2.3,-0.3
329,Patty Mills,2010,2020,TOT,NBA,19.4,668,56,12927,14.4,.554,.139,1.8,7.7,4.8,18.0,1.7,0.3,11.2,20.3,110,108,17.0,13.1,30.1,.112,0.8,-0.2,0.6,8.4
330,Wayne Selden,2017,2019,TOT,NBA,19.1,124,27,2367,9.2,.400,.214,2.5,9.4,5.9,12.4,1.2,0.7,14.1,19.3,97,114,-1.0,1.1,0.1,.003,-3.0,-1.7,-4.7,-1.6
331,Eric Mika,2020,2020,SAC,NBA,19.0,1,0,19,14.0,.000,.667,11.6,30.5,20.8,0.0,0.0,0.0,0.0,8.9,173,113,0.1,0.0,0.1,.222,-2.2,-0.9,-3.1,0.0
332,Cody Martin,2020,2020,CHO,NBA,18.8,48,3,903,10.5,.372,.314,4.4,15.1,9.6,15.7,2.2,0.9,15.7,13.6,104,112,0.2,0.8,1.0,.052,-3.1,1.0,-2.1,0.0
333,Richaun Holmes,2016,2020,TOT,NBA,18.7,265,57,4950,19.0,.097,.325,9.8,19.5,14.6,8.1,1.6,4.4,10.7,17.5,122,108,11.1,6.0,17.0,.165,0.1,0.6,0.7,3.3
334,Dwight Powell,2015,2020,TOT,NBA,18.7,371,89,6956,18.1,.186,.459,8.5,18.7,13.5,8.2,1.8,2.2,9.8,16.2,126,107,17.6,8.6,26.1,.180,0.5,0.9,1.5,6.1
335,Dāvis Bertāns,2017,2020,TOT,NBA,18.6,274,32,5109,14.0,.743,.159,2.1,14.4,8.2,8.7,1.1,2.0,8.7,16.6,119,111,8.3,4.5,12.8,.120,1.5,-0.2,1.2,4.2
336,Aaron Holiday,2019,2020,IND,NBA,18.6,108,26,2014,11.8,.435,.161,1.4,9.4,5.5,19.4,1.6,1.1,12.4,20.2,103,110,0.4,2.2,2.6,.062,-1.5,-0.2,-1.6,0.2
337,Norman Powell,2016,2020,TOR,NBA,18.6,299,86,5550,13.5,.422,.225,1.9,11.8,7.0,10.5,1.9,1.1,11.8,19.9,108,108,4.7,6.8,11.5,.099,-0.7,0.3,-0.3,2.3
338,Dante Exum,2015,2020,TOT,NBA,18.5,239,69,4429,8.4,.437,.216,2.3,8.5,5.4,17.2,1.1,0.8,18.3,16.7,99,110,-0.4,3.5,3.1,.034,-3.0,-0.4,-3.3,-1.5
339,Mario Hezonja,2016,2020,TOT,NBA,18.5,324,69,6003,10.5,.406,.185,2.5,15.6,9.0,10.2,1.9,1.1,14.4,18.5,97,110,-2.1,5.2,3.1,.025,-2.6,-0.2,-2.8,-1.2
340,Walt Lemon,2018,2019,TOT,NBA,18.4,11,3,202,14.7,.058,.136,2.1,13.5,7.8,28.7,2.6,0.8,11.4,26.6,97,111,-0.1,0.2,0.0,.009,-2.9,-0.3,-3.2,-0.1
341,Shelvin Mack,2012,2019,TOT,NBA,18.4,456,56,8392,12.3,.333,.181,1.6,10.5,6.1,26.6,1.8,0.2,15.9,19.1,102,109,2.8,7.5,10.3,.059,-1.6,-0.4,-1.9,0.1
342,Lance Thomas,2012,2019,TOT,NBA,18.4,392,124,7225,8.3,.237,.272,4.5,11.1,7.8,5.4,1.0,0.6,11.6,13.9,103,113,2.5,2.9,5.4,.036,-3.1,-1.1,-4.2,-4.0
343,Torrey Craig,2018,2020,DEN,NBA,18.3,164,61,3001,10.3,.502,.192,6.5,13.6,10.0,5.8,1.1,2.8,10.1,12.2,114,110,2.7,2.9,5.6,.090,-2.2,0.0,-2.2,-0.1
344,Dewayne Dedmon,2014,2020,TOT,NBA,18.3,394,194,7195,14.7,.240,.258,9.5,27.0,18.2,5.7,1.5,4.0,15.3,15.3,111,105,7.2,10.4,17.6,.118,-1.8,0.7,-1.1,1.6
345,Jalen McDaniels,2020,2020,CHO,NBA,18.3,16,0,293,10.7,.343,.243,5.4,19.4,12.1,6.8,1.4,0.9,12.4,13.3,112,113,0.2,0.2,0.5,.078,-3.3,0.0,-3.3,-0.1
346,Donatas Motiejūnas,2013,2019,TOT,NBA,18.2,251,101,4566,12.4,.259,.268,7.3,15.6,11.5,9.6,1.3,1.4,14.1,19.3,102,106,2.5,4.6,7.1,.075,-1.9,-0.5,-2.5,-0.5
347,Anfernee Simons,2019,2020,POR,NBA,18.1,85,5,1541,9.5,.422,.184,1.9,8.8,5.4,9.8,0.8,0.5,10.2,19.5,102,118,0.1,0.3,0.4,.011,-2.4,-2.0,-4.4,-1.0
348,Jerian Grant,2016,2019,TOT,NBA,18.0,273,61,4918,12.6,.375,.300,1.9,9.6,5.7,23.8,2.1,0.5,14.5,16.8,108,110,4.0,4.3,8.3,.081,-1.8,0.3,-1.5,0.6
349,Tyus Jones,2016,2020,TOT,NBA,18.0,312,40,5606,14.0,.328,.188,1.3,8.3,4.8,27.1,2.7,0.4,12.2,14.6,115,112,7.4,4.0,11.4,.097,-0.6,0.6,0.0,2.8
350,Trey Lyles,2016,2020,TOT,NBA,18.0,351,94,6322,13.1,.406,.205,4.9,21.3,13.2,9.0,1.1,1.7,10.7,19.4,105,108,3.3,6.9,10.3,.078,-0.7,-0.5,-1.2,1.3
351,Jonas Jerebko,2010,2019,TOT,NBA,17.8,635,119,11323,13.2,.344,.239,7.5,17.9,12.6,6.9,1.5,1.1,11.0,15.7,112,108,14.7,11.0,25.8,.109,-0.8,-0.2,-1.0,2.9
352,Omari Spellman,2019,2020,TOT,NBA,17.8,95,14,1691,13.4,.442,.254,9.1,17.2,13.0,8.0,1.6,2.6,12.4,16.9,108,113,1.1,1.3,2.4,.068,-0.6,-0.8,-1.5,0.2
353,Alex Caruso,2018,2020,LAL,NBA,17.7,120,12,2125,11.1,.364,.310,2.5,9.6,6.1,15.7,2.4,1.4,17.2,14.9,106,108,1.0,2.8,3.7,.084,-2.4,1.6,-0.8,0.6
354,Tim Frazier,2015,2020,TOT,NBA,17.7,272,81,4818,11.8,.311,.272,3.0,11.0,7.0,31.5,1.9,0.4,20.8,15.6,105,110,2.7,4.0,6.7,.067,-2.3,-0.1,-2.3,-0.4
355,Rodions Kurucs,2019,2020,BRK,NBA,17.6,102,50,1795,10.2,.427,.206,4.3,15.5,10.0,6.9,1.5,1.2,15.0,17.5,101,109,0.0,2.1,2.1,.056,-3.2,0.5,-2.7,-0.3
356,Caleb Martin,2020,2020,CHO,NBA,17.6,18,1,317,12.0,.440,.250,3.3,10.0,6.5,11.1,1.9,2.0,13.9,15.0,113,113,0.3,0.2,0.5,.081,-1.6,0.5,-1.0,0.1
357,Tyler Zeller,2013,2019,TOT,NBA,17.6,412,166,7250,14.9,.015,.311,9.6,18.5,13.9,8.1,0.7,2.7,11.8,17.8,111,108,10.4,6.6,17.1,.113,-1.4,-0.6,-2.0,0.0
358,Wesley Iwundu,2018,2020,ORL,NBA,17.5,175,43,3063,8.7,.280,.329,3.3,12.1,7.7,7.9,1.4,1.2,10.5,12.5,106,111,1.1,2.8,3.9,.061,-3.8,0.3,-3.5,-1.2
359,Skal Labissière,2017,2020,TOT,NBA,17.5,148,42,2595,15.0,.097,.278,9.5,19.0,14.2,8.9,1.0,3.4,13.4,19.3,108,111,2.3,2.1,4.4,.082,-1.7,-0.6,-2.3,-0.2
360,Glenn Robinson,2015,2020,TOT,NBA,17.5,279,103,4887,11.6,.335,.196,4.2,12.1,8.1,6.7,1.4,1.0,8.6,14.8,110,112,3.9,3.6,7.5,.074,-1.1,-0.4,-1.5,0.6
361,Malik Beasley,2017,2020,TOT,NBA,17.4,220,33,3836,12.9,.520,.115,2.0,10.4,6.2,8.2,1.5,0.6,8.3,19.4,110,112,3.5,2.9,6.4,.080,-0.2,-1.0,-1.2,0.8
362,Sviatoslav Mykhailiuk,2019,2020,TOT,NBA,17.4,98,27,1705,9.9,.686,.165,1.7,7.5,4.6,11.9,1.6,0.2,12.3,16.9,105,115,0.6,0.9,1.5,.042,-1.5,-1.2,-2.7,-0.3
363,MarShon Brooks,2012,2019,TOT,NBA,17.3,200,50,3456,13.9,.230,.249,4.3,9.9,7.1,14.7,1.8,1.0,14.0,23.3,101,110,1.5,1.8,3.3,.046,-0.6,-1.0,-1.6,0.4
364,JaVale McGee,2009,2020,TOT,NBA,17.3,694,310,12025,19.6,.008,.323,12.1,21.0,16.5,3.6,1.2,7.1,12.4,19.4,113,104,18.6,17.8,36.4,.145,-0.4,0.6,0.2,6.7
365,Shabazz Napier,2015,2020,TOT,NBA,17.3,340,54,5876,13.0,.493,.285,1.9,10.2,6.0,21.1,2.4,0.6,16.3,19.8,104,109,2.8,5.5,8.3,.068,-0.8,0.3,-0.6,2.1
366,Daniel Theis,2018,2020,BOS,NBA,17.3,187,62,3226,17.2,.234,.299,10.3,19.0,14.7,9.8,1.3,4.6,12.1,15.2,126,104,7.4,5.5,12.9,.192,-0.6,1.7,1.1,2.5
367,Darius Bazley,2020,2020,OKC,NBA,17.2,53,8,909,8.1,.435,.204,2.7,20.7,12.0,4.3,1.1,3.3,13.8,14.1,90,108,-0.8,1.2,0.4,.019,-3.1,0.6,-2.5,-0.1
368,Patrick McCaw,2017,2020,TOT,NBA,17.2,194,43,3340,7.8,.435,.150,2.2,7.9,5.2,10.1,2.0,0.8,14.2,11.2,103,109,0.5,3.7,4.2,.061,-3.6,0.8,-2.8,-0.7
369,Malik Monk,2018,2020,CHO,NBA,17.2,191,1,3281,11.7,.518,.160,1.6,10.5,6.0,15.8,1.2,1.2,11.7,24.1,99,114,-0.8,1.8,1.0,.015,-1.2,-1.6,-2.9,-0.7
370,Gary Trent,2019,2020,POR,NBA,17.2,68,9,1170,11.0,.555,.108,1.9,6.8,4.4,6.5,1.6,1.1,5.2,16.0,111,116,0.9,0.4,1.4,.056,-1.1,-1.0,-2.0,0.0
371,Furkan Korkmaz,2018,2020,PHI,NBA,17.1,126,19,2157,11.3,.607,.152,1.7,11.5,6.7,8.3,1.5,0.7,8.6,18.2,108,111,1.3,2.1,3.4,.076,-1.1,-0.7,-1.8,0.1
372,Nicolò Melli,2020,2020,NOP,NBA,17.1,52,6,889,12.3,.647,.216,4.4,14.3,9.3,10.2,1.6,1.8,12.1,15.9,114,112,1.0,0.8,1.8,.095,-0.9,0.3,-0.6,0.3
373,Zach Collins,2018,2020,POR,NBA,17.0,146,4,2487,10.9,.340,.246,6.9,17.0,12.0,7.2,0.8,3.2,15.2,16.0,104,109,0.8,2.9,3.7,.071,-2.8,0.2,-2.5,-0.3
374,Terence Davis,2020,2020,TOR,NBA,17.0,64,2,1087,14.5,.568,.133,4.6,16.3,10.5,14.6,1.4,1.1,13.6,18.9,113,106,1.4,1.6,3.0,.133,0.7,0.6,1.3,0.9
375,Jaxson Hayes,2020,2020,NOP,NBA,17.0,56,12,951,17.8,.017,.736,9.0,15.7,12.3,7.5,1.1,4.6,11.6,15.1,131,110,2.5,1.0,3.5,.176,-0.8,0.8,0.1,0.5
376,Noah Vonleh,2015,2020,TOT,NBA,17.0,332,171,5659,12.0,.214,.299,8.9,24.5,16.6,6.6,1.2,2.0,14.4,14.1,107,109,3.3,6.0,9.3,.079,-2.2,-0.2,-2.3,-0.5
377,Keita Bates-Diop,2019,2020,TOT,NBA,16.9,69,3,1168,11.3,.417,.277,3.3,14.7,8.9,5.7,1.4,2.5,6.7,15.0,108,113,0.6,0.9,1.4,.060,-1.7,-0.3,-1.9,0.0
378,Shake Milton,2019,2020,PHI,NBA,16.9,52,16,879,13.4,.493,.191,2.5,10.2,6.4,14.9,1.5,1.3,11.8,18.2,114,111,1.1,0.9,2.0,.111,-0.6,-0.6,-1.2,0.2
379,Anžejs Pasečņiks,2020,2020,WAS,NBA,16.9,24,0,405,11.6,.019,.509,10.2,16.9,13.4,5.7,0.9,2.6,14.5,15.6,110,116,0.3,0.2,0.5,.056,-3.8,-1.6,-5.4,-0.3
380,Ian Mahinmi,2008,2020,TOT,NBA,16.8,618,133,10353,13.0,.022,.579,10.2,18.9,14.6,5.1,1.7,3.4,17.5,14.8,108,102,9.0,17.0,26.0,.121,-3.2,1.2,-2.0,0.1
381,Shaquille Harrison,2018,2020,TOT,NBA,16.5,139,23,2298,14.0,.220,.295,3.0,14.7,8.7,15.7,3.1,2.2,11.1,17.1,106,109,1.0,2.7,3.7,.078,-2.1,1.7,-0.3,1.0
382,Naz Reid,2020,2020,MIN,NBA,16.5,30,11,495,15.3,.399,.218,7.0,19.9,13.2,11.2,1.8,3.7,7.6,24.0,105,110,0.2,0.6,0.8,.074,-1.6,-0.3,-1.9,0.0
383,Mike Scott,2013,2020,TOT,NBA,16.5,499,21,8242,12.8,.409,.162,5.0,16.3,10.7,8.5,0.9,0.6,9.7,18.7,108,109,7.6,7.8,15.4,.089,-0.7,-1.0,-1.7,0.7
384,Luke Kornet,2018,2020,TOT,NBA,16.4,102,33,1669,13.8,.639,.143,3.8,14.7,9.1,10.0,1.3,4.4,7.5,17.6,110,111,1.4,1.6,2.9,.085,0.4,0.2,0.6,1.1
385,Kosta Koufos,2009,2019,TOT,NBA,16.4,686,229,11271,15.4,.001,.217,12.1,22.7,17.4,4.9,1.3,3.7,11.8,16.0,111,105,13.5,14.7,28.3,.120,-1.3,0.0,-1.3,2.0
386,Miles Plumlee,2013,2019,TOT,NBA,16.4,346,168,5658,13.7,.000,.268,10.8,20.1,15.5,4.7,1.4,3.6,16.6,14.4,106,106,3.9,6.7,10.6,.090,-1.9,0.0,-1.9,0.2
387,Jaron Blossomgame,2019,2019,CLE,NBA,16.3,27,4,439,10.2,.368,.123,6.3,19.1,12.4,4.2,0.8,1.6,9.0,12.2,108,118,0.2,0.1,0.3,.030,-1.9,-1.8,-3.8,-0.2
388,Frank Jackson,2019,2020,NOP,NBA,16.3,112,17,1825,8.8,.411,.195,2.5,9.1,5.8,8.2,1.0,0.3,10.6,19.2,100,116,-0.3,0.7,0.4,.010,-3.3,-1.8,-5.1,-1.4
389,Jason Smith,2008,2019,TOT,NBA,16.3,616,104,10029,12.9,.075,.209,7.6,16.6,12.0,7.4,1.1,3.4,12.1,19.0,102,108,4.9,9.2,14.1,.067,-2.6,-0.4,-2.9,-2.4
390,Troy Williams,2017,2019,TOT,NBA,16.3,72,17,1176,11.0,.385,.206,4.5,13.4,8.9,6.6,2.4,1.7,12.8,17.3,101,108,0.0,1.4,1.3,.054,-2.9,0.4,-2.6,-0.2
391,Jakob Poeltl,2017,2020,TOT,NBA,16.2,271,38,4388,17.7,.002,.322,13.3,18.7,16.0,8.4,1.3,5.2,15.3,13.6,126,107,9.6,6.1,15.6,.171,-0.1,1.1,1.0,3.3
392,Christian Wood,2016,2020,TOT,NBA,16.2,113,14,1828,22.0,.260,.476,8.9,24.1,16.5,6.6,1.3,3.5,11.5,22.7,120,109,4.3,2.1,6.4,.169,2.6,-0.4,2.2,1.9
393,Tyler Dorsey,2018,2019,TOT,NBA,16.1,104,16,1672,10.5,.512,.192,2.9,13.3,8.0,12.5,0.9,0.4,8.4,19.9,102,114,0.2,0.8,1.0,.030,-1.4,-1.7,-3.1,-0.5
394,Juan Hernangómez,2017,2020,TOT,NBA,16.1,205,51,3310,11.4,.550,.285,5.5,17.7,11.6,5.5,1.2,1.2,10.1,13.8,113,111,3.2,2.9,6.1,.089,-1.0,-0.5,-1.6,0.4
395,Álex Abrines,2017,2019,OKC,NBA,16.0,174,16,2777,8.8,.754,.137,1.9,8.0,4.9,4.4,1.6,0.7,7.9,13.8,112,110,2.5,2.5,5.0,.086,-2.1,0.1,-1.9,0.1
396,Quincy Acy,2013,2019,TOT,NBA,16.0,337,60,5392,11.2,.398,.294,6.3,18.1,12.1,6.1,1.3,2.0,12.9,13.9,108,109,4.4,4.4,8.7,.078,-2.0,-0.1,-2.0,-0.1
397,Dwayne Bacon,2018,2020,CHO,NBA,16.0,135,30,2159,8.0,.284,.179,1.3,14.7,7.9,9.5,1.2,0.4,9.4,16.6,96,114,-1.0,1.3,0.3,.007,-4.2,-0.8,-5.0,-1.6
398,Treveon Graham,2017,2020,TOT,NBA,16.0,180,44,2883,7.6,.519,.219,4.4,10.5,7.4,6.9,1.3,0.5,9.1,12.3,106,113,1.0,1.8,2.8,.047,-3.5,-0.2,-3.8,-1.3
399,Meyers Leonard,2013,2020,TOT,NBA,16.0,442,91,7082,12.1,.417,.160,5.0,21.5,13.3,8.1,0.6,1.4,12.6,15.0,114,109,9.1,6.4,15.6,.106,-1.3,-0.1,-1.4,1.1
400,Kelan Martin,2020,2020,MIN,NBA,16.0,31,4,495,9.2,.530,.171,2.5,18.6,10.2,6.8,0.7,1.5,9.3,17.8,100,114,-0.1,0.3,0.2,.023,-3.3,-1.0,-4.3,-0.3
401,Cameron Payne,2016,2019,TOT,NBA,16.0,153,28,2454,11.4,.409,.098,1.9,10.2,6.1,23.2,2.1,1.0,14.0,19.4,101,110,0.2,2.0,2.2,.044,-2.0,-0.3,-2.3,-0.2
402,Timothé Luwawu-Cabarrot,2017,2020,TOT,NBA,15.9,210,33,3337,8.1,.524,.274,2.4,10.7,6.6,7.8,1.1,0.7,12.4,17.0,101,112,0.2,2.6,2.8,.040,-3.6,-0.8,-4.3,-2.0
403,Jarell Martin,2016,2019,TOT,NBA,15.9,184,40,2927,10.5,.210,.276,7.2,18.0,12.5,6.1,1.2,2.3,12.9,17.1,102,110,0.6,2.7,3.2,.053,-3.5,-0.8,-4.3,-1.7
404,Aron Baynes,2013,2020,TOT,NBA,15.8,469,137,7390,14.1,.115,.273,10.6,21.1,15.8,7.6,0.7,2.6,13.7,17.3,111,106,9.0,10.0,19.0,.123,-2.2,0.1,-2.1,-0.2
405,Sterling Brown,2018,2020,MIL,NBA,15.8,157,12,2475,9.9,.479,.137,3.7,16.6,10.5,8.3,1.5,1.0,12.1,15.3,103,107,0.3,3.5,3.8,.074,-2.5,0.4,-2.1,-0.1
406,Billy Garrett,2019,2019,NYK,NBA,15.8,4,0,63,9.8,.296,.148,0.0,5.1,2.5,18.0,0.8,1.3,6.5,20.9,97,118,0.0,0.0,0.0,-.019,-3.9,-1.7,-5.5,-0.1
407,Jon Leuer,2012,2019,TOT,NBA,15.8,377,80,5945,14.5,.188,.201,6.5,20.4,13.3,8.0,1.2,1.4,10.5,18.3,109,106,6.4,6.8,13.2,.107,-0.8,0.1,-0.7,2.0
408,C.J. Williams,2018,2019,TOT,NBA,15.8,53,17,835,9.4,.405,.073,1.7,6.6,4.2,9.2,2.1,1.3,9.5,13.6,105,112,0.3,0.5,0.9,.049,-3.0,0.6,-2.3,-0.1
409,Ivica Zubac,2017,2020,TOT,NBA,15.8,204,110,3215,18.8,.006,.341,12.2,23.8,18.0,8.7,0.7,4.1,12.6,18.5,119,107,6.5,4.3,10.9,.162,0.0,0.1,0.2,1.7
410,Brad Wanamaker,2019,2020,BOS,NBA,15.7,99,1,1558,12.3,.305,.340,1.5,9.8,5.7,18.7,2.0,0.8,15.5,15.8,113,109,1.8,1.9,3.7,.114,-2.2,1.1,-1.2,0.3
411,Pat Connaughton,2016,2020,TOT,NBA,15.6,277,9,4327,11.1,.536,.119,4.3,13.5,9.1,10.7,0.9,1.5,11.3,13.1,113,107,4.3,5.5,9.8,.109,-1.0,0.5,-0.5,1.7
412,Josh Gray,2018,2020,TOT,NBA,15.6,7,0,109,4.7,.302,.256,2.9,8.9,5.9,18.6,3.5,1.5,20.1,23.2,72,110,-0.4,0.1,-0.3,-.140,-6.5,-0.2,-6.7,-0.1
413,Elie Okobo,2019,2020,PHO,NBA,15.6,107,19,1665,8.8,.431,.242,1.8,10.7,6.2,19.9,1.6,0.6,17.0,16.1,99,116,-0.4,0.7,0.3,.010,-3.3,-0.9,-4.2,-0.9
414,Quincy Pondexter,2011,2019,TOT,NBA,15.6,355,48,5530,9.8,.439,.254,4.2,9.3,6.7,7.1,1.2,0.7,10.6,13.9,109,108,5.2,4.5,9.7,.084,-1.6,-0.2,-1.8,0.3
415,JaKarr Sampson,2015,2020,TOT,NBA,15.6,199,88,3102,10.3,.258,.311,4.2,14.6,9.2,7.7,1.3,2.5,14.2,16.4,99,109,0.2,2.6,2.8,.044,-3.6,-0.1,-3.8,-1.4
416,Grant Williams,2020,2020,BOS,NBA,15.6,62,5,970,8.0,.443,.266,6.5,11.7,9.1,8.3,1.4,3.1,17.7,11.5,105,108,0.2,1.3,1.5,.075,-4.0,1.4,-2.6,-0.1
417,Sam Dekker,2016,2019,TOT,NBA,15.5,200,8,3096,12.7,.327,.180,6.7,14.7,10.7,7.4,1.6,1.0,8.8,15.4,111,112,3.0,2.3,5.4,.083,-0.8,-0.6,-1.4,0.5
418,Mike Muscala,2014,2020,TOT,NBA,15.5,348,28,5377,13.4,.464,.201,6.5,15.8,11.2,8.8,1.1,2.7,11.5,15.4,114,108,6.9,6.1,13.0,.116,-0.6,0.3,-0.3,2.4
419,Tyrone Wallace,2018,2020,TOT,NBA,15.5,106,19,1639,8.3,.146,.299,3.0,11.9,7.5,10.8,1.6,1.1,13.8,17.3,95,112,-1.0,1.2,0.2,.006,-4.5,-0.6,-5.1,-1.3
420,Mohamed Bamba,2019,2020,ORL,NBA,15.3,107,1,1634,16.4,.331,.208,10.4,24.9,17.5,7.4,1.0,8.0,12.9,17.5,108,103,1.1,3.1,4.2,.124,-1.9,1.6,-0.4,0.7
421,Frank Mason,2018,2020,TOT,NBA,15.3,96,2,1472,12.5,.282,.310,2.8,11.0,6.8,23.9,1.7,0.9,14.2,22.3,100,113,-0.2,0.9,0.8,.026,-1.7,-1.1,-2.8,-0.3
422,Brandon Sampson,2019,2019,CHI,NBA,15.3,14,2,214,8.5,.483,.100,1.5,6.7,4.1,6.8,1.8,1.2,16.1,15.2,98,115,-0.1,0.1,0.0,.010,-3.9,-0.9,-4.7,-0.1
423,Khem Birch,2018,2020,ORL,NBA,15.1,132,25,1998,14.8,.005,.538,11.6,18.3,14.9,7.6,1.2,3.0,11.7,12.0,125,108,3.7,2.4,6.1,.147,-1.4,0.4,-1.0,0.5
424,Quinn Cook,2017,2020,TOT,NBA,15.1,159,28,2396,12.5,.426,.070,1.9,10.7,6.5,16.0,0.9,0.2,11.1,19.4,109,113,2.2,1.7,3.9,.078,-0.7,-1.5,-2.2,-0.1
425,Jawun Evans,2018,2019,TOT,NBA,15.1,56,4,843,6.7,.213,.184,1.3,11.1,6.3,17.9,2.2,0.6,14.8,17.3,88,111,-1.0,0.6,-0.4,-.022,-5.8,0.4,-5.4,-0.7
426,Antonio Blakeney,2018,2019,CHI,NBA,15.0,76,3,1143,10.5,.265,.213,1.0,12.3,6.6,8.7,0.8,0.8,7.2,24.3,95,116,-1.0,0.4,-0.6,-.024,-2.5,-2.6,-5.2,-0.9
427,Jevon Carter,2019,2020,TOT,NBA,15.0,89,5,1331,9.3,.562,.146,3.2,10.7,6.9,14.2,2.3,1.6,13.4,15.7,99,110,-0.4,1.4,1.0,.037,-2.7,0.6,-2.1,0.0
428,Troy Daniels,2014,2020,TOT,NBA,14.9,334,20,4970,10.4,.734,.095,1.6,8.2,4.9,5.8,1.0,0.4,8.6,18.9,106,114,3.3,1.9,5.2,.050,-0.3,-1.9,-2.2,-0.3
429,Cristiano Felício,2016,2020,CHI,NBA,14.8,234,20,3470,14.0,.016,.412,11.3,18.8,15.0,7.4,1.0,1.2,14.7,12.9,120,111,5.7,3.0,8.7,.121,-1.6,-0.9,-2.5,-0.4
430,Ekpe Udoh,2011,2019,TOT,NBA,14.8,384,56,5694,12.0,.003,.383,8.8,12.8,10.8,6.5,1.6,5.9,14.2,12.2,107,105,3.9,6.6,10.4,.088,-3.0,1.6,-1.4,0.8
431,Harry Giles,2019,2020,SAC,NBA,14.6,96,17,1399,15.2,.011,.241,7.3,22.2,14.6,14.4,1.8,2.3,15.0,21.7,105,109,0.7,1.7,2.4,.082,-2.9,0.7,-2.2,-0.1
432,Ivan Rabb,2018,2019,MEM,NBA,14.6,85,18,1237,16.3,.041,.288,11.1,22.6,16.7,11.3,1.2,2.1,14.6,17.4,115,109,1.9,1.4,3.2,.125,-1.0,-0.7,-1.7,0.1
433,Ron Baker,2017,2019,TOT,NBA,14.5,96,14,1394,7.4,.446,.253,1.4,9.4,5.4,16.3,2.4,0.9,19.4,12.7,94,112,-0.7,0.9,0.2,.008,-4.4,0.6,-3.8,-0.6
434,Johnathan Williams,2019,2020,TOT,NBA,14.5,35,5,507,14.9,.030,.393,13.1,16.5,14.7,5.2,0.8,2.2,11.2,14.6,123,112,1.0,0.4,1.4,.130,-1.6,-1.2,-2.8,-0.1
435,Willy Hernangómez,2017,2020,TOT,NBA,14.4,209,26,3006,19.7,.083,.393,13.9,26.9,20.3,11.6,1.4,2.2,15.2,21.2,114,108,5.1,3.5,8.6,.137,0.6,-0.5,0.1,1.6
436,Moritz Wagner,2019,2020,TOT,NBA,14.4,80,10,1153,14.1,.361,.338,6.2,19.9,12.9,9.1,1.3,2.2,17.0,19.9,109,112,1.0,0.9,2.0,.082,-2.3,-0.4,-2.6,-0.2
437,Isaac Bonga,2019,2020,TOT,NBA,14.3,80,41,1145,10.2,.290,.364,6.4,13.6,9.9,8.4,1.9,1.9,15.7,10.9,114,115,1.0,0.6,1.6,.066,-2.9,0.2,-2.7,-0.2
438,Isaiah Briscoe,2019,2019,ORL,NBA,14.3,39,0,559,6.7,.246,.188,0.9,13.4,7.1,21.0,1.0,0.3,17.2,14.1,96,111,-0.3,0.5,0.3,.023,-5.4,0.4,-5.0,-0.4
439,Daniel Gafford,2020,2020,CHI,NBA,14.2,43,7,609,16.2,.000,.448,9.0,10.3,9.6,5.2,1.0,8.7,15.3,13.3,124,109,1.1,0.8,1.8,.146,-2.8,1.5,-1.3,0.1
440,Kyle O'Quinn,2013,2020,TOT,NBA,14.2,469,64,6659,17.9,.066,.237,10.4,25.3,17.9,14.6,1.4,5.5,16.5,18.4,109,104,7.5,10.1,17.6,.127,-0.9,1.8,0.9,4.8
441,Damian Jones,2017,2020,TOT,NBA,14.1,104,49,1471,14.4,.031,.469,8.8,14.5,11.7,6.0,1.3,4.1,13.4,11.6,131,112,3.1,1.3,4.4,.143,-1.9,0.3,-1.5,0.2
442,Julian Washburn,2019,2019,MEM,NBA,14.1,18,3,254,6.5,.500,.083,3.5,14.8,9.1,7.7,2.5,0.7,12.3,10.0,89,108,-0.2,0.3,0.1,.023,-5.1,0.5,-4.6,-0.2
443,Michael Porter,2020,2020,DEN,NBA,14.0,48,1,670,18.5,.358,.151,8.8,24.3,16.5,8.0,1.5,2.6,10.3,22.0,114,107,1.0,0.9,2.0,.141,1.4,-0.7,0.8,0.5
444,Dairis Bertāns,2019,2019,NOP,NBA,13.9,12,0,167,2.0,.723,.000,1.3,4.3,2.8,7.2,0.3,0.0,4.1,12.0,86,120,-0.2,0.0,-0.2,-.054,-5.6,-3.2,-8.8,-0.3
445,Kevon Looney,2016,2020,GSW,NBA,13.9,224,36,3121,15.4,.055,.311,12.9,15.9,14.5,9.0,1.6,3.4,11.8,13.1,125,107,6.2,4.1,10.3,.158,-1.1,0.5,-0.5,1.1
446,Thon Maker,2017,2020,TOT,NBA,13.9,255,65,3548,11.9,.412,.351,6.7,15.8,11.3,6.3,1.3,4.1,11.2,15.5,108,109,2.4,3.9,6.3,.086,-2.3,0.2,-2.2,-0.2
447,Semi Ojeleye,2018,2020,BOS,NBA,13.9,190,8,2635,6.5,.618,.214,3.5,11.6,7.6,3.7,0.9,0.4,9.2,10.1,106,110,0.8,2.8,3.6,.065,-3.3,-0.1,-3.5,-1.0
448,Chasson Randle,2017,2020,TOT,NBA,13.9,78,2,1082,10.8,.514,.348,1.6,7.5,4.5,17.3,1.6,0.4,14.4,17.0,110,116,1.0,0.4,1.3,.059,-2.4,-1.0,-3.4,-0.4
449,Hamidou Diallo,2019,2020,OKC,NBA,13.8,89,6,1225,9.2,.154,.271,5.8,13.3,9.6,4.5,1.9,1.2,12.3,17.0,97,109,-0.6,1.5,1.0,.038,-4.8,0.2,-4.6,-0.8
450,Jordan McRae,2016,2020,TOT,NBA,13.8,123,9,1696,13.2,.323,.285,2.2,12.6,7.3,14.8,1.3,1.5,9.6,22.7,105,114,0.9,0.8,1.7,.048,-0.7,-1.3,-2.1,0.0
451,Ian Clark,2014,2019,TOT,NBA,13.7,330,9,4507,10.3,.431,.125,1.6,8.7,5.3,11.9,1.4,0.8,12.0,18.7,102,111,1.0,3.4,4.4,.047,-2.3,-0.8,-3.1,-1.3
452,Jake Layman,2017,2020,TOT,NBA,13.7,164,37,2241,11.2,.438,.166,4.0,10.9,7.5,5.7,1.4,1.7,9.8,16.6,107,112,1.2,1.8,3.0,.065,-1.6,-0.5,-2.1,-0.1
453,Kadeem Allen,2018,2020,TOT,NBA,13.6,47,2,640,13.5,.304,.357,2.3,9.6,5.9,26.2,1.8,1.1,15.2,19.0,109,113,0.6,0.4,1.0,.075,-1.2,0.2,-1.0,0.2
454,Raul Neto,2016,2020,TOT,NBA,13.6,248,57,3382,11.2,.372,.179,1.5,8.9,5.2,20.5,2.0,0.5,18.1,17.4,104,107,1.5,3.9,5.4,.077,-2.1,0.6,-1.5,0.4
455,Cameron Reynolds,2019,2019,MIN,NBA,13.6,19,0,259,10.4,.654,.115,1.6,11.3,6.4,6.8,1.1,0.7,5.7,14.1,118,116,0.3,0.1,0.4,.078,-1.3,-1.2,-2.5,0.0
456,Jonah Bolden,2019,2020,TOT,NBA,13.5,51,10,686,12.2,.578,.179,7.9,18.7,13.5,7.9,1.4,4.7,16.9,13.7,109,107,0.4,1.0,1.4,.098,-2.3,1.0,-1.3,0.1
457,Devin Robinson,2018,2019,WAS,NBA,13.5,8,0,108,19.4,.057,.400,8.0,17.4,12.7,8.3,2.2,4.7,4.6,17.0,125,109,0.3,0.1,0.4,.166,0.2,1.2,1.4,0.1
458,Grayson Allen,2019,2020,TOT,NBA,13.4,68,2,914,9.6,.537,.268,0.9,9.2,5.2,10.5,0.6,0.6,12.4,20.9,103,113,0.1,0.7,0.7,.039,-2.5,-1.8,-4.3,-0.5
459,Ante Žižić,2018,2020,CLE,NBA,13.4,113,27,1517,17.4,.000,.383,10.7,22.4,16.3,6.6,0.7,2.3,13.0,18.2,119,115,2.8,0.6,3.5,.110,-0.8,-1.8,-2.6,-0.2
460,Jimmer Fredette,2012,2019,TOT,NBA,13.3,241,7,3213,12.5,.405,.175,1.8,6.8,4.3,16.8,1.5,0.3,13.9,22.1,102,113,1.9,0.3,2.2,.033,-0.4,-2.1,-2.5,-0.4
461,Andre Ingram,2018,2019,LAL,NBA,13.2,6,0,79,10.9,.522,.130,2.7,8.0,5.4,12.4,2.4,3.1,14.1,15.1,97,107,0.0,0.1,0.1,.050,-1.4,1.1,-0.3,0.0
462,Justin Anderson,2016,2020,TOT,NBA,13.1,219,23,2874,12.8,.470,.265,5.2,16.3,10.7,7.7,1.7,2.0,10.6,18.8,104,108,1.4,3.2,4.6,.077,-1.2,0.0,-1.2,0.6
463,Alfonzo McKinnie,2018,2020,TOT,NBA,13.1,126,6,1649,10.2,.416,.178,8.0,15.9,12.0,3.7,1.2,1.2,10.6,14.4,109,112,1.0,1.3,2.4,.069,-3.0,-1.1,-4.1,-0.9
464,Jeremy Pargo,2012,2020,TOT,NBA,13.1,86,16,1123,8.2,.282,.213,2.1,7.2,4.6,22.4,1.4,0.1,17.8,22.5,89,110,-1.3,0.5,-0.8,-.033,-3.3,-1.7,-5.0,-0.9
465,Isaiah Hicks,2018,2019,NYK,NBA,13.0,21,0,272,8.0,.113,.288,4.8,14.6,9.7,9.5,0.5,2.2,15.9,17.2,98,113,-0.1,0.1,0.1,.016,-5.9,-0.8,-6.7,-0.3
466,Alan Williams,2016,2019,TOT,NBA,13.0,67,0,872,19.2,.006,.432,14.0,32.6,23.1,7.1,2.0,3.5,11.7,20.9,111,105,1.2,1.3,2.5,.136,-1.1,0.0,-1.1,0.2
467,Bruno Caboclo,2015,2020,TOT,NBA,12.8,96,20,1233,11.2,.512,.164,6.9,15.4,11.1,8.5,1.3,4.2,13.2,16.5,101,109,0.0,1.5,1.5,.057,-2.3,-0.1,-2.4,-0.1
468,John Jenkins,2013,2019,TOT,NBA,12.8,171,8,2183,11.7,.452,.194,1.9,10.9,6.4,9.9,0.7,0.5,11.0,17.8,106,111,1.8,1.2,3.0,.065,-0.6,-1.3,-1.9,0.1
469,Bruno Fernando,2020,2020,ATL,NBA,12.7,56,13,713,11.9,.186,.256,10.0,20.0,15.0,9.9,1.2,2.0,15.9,15.3,107,114,0.4,0.4,0.8,.055,-3.2,-1.0,-4.1,-0.4
470,Jaylen Morris,2018,2019,TOT,NBA,12.7,10,0,127,7.8,.310,.048,1.8,16.1,9.0,12.5,1.5,0.7,14.0,17.0,87,110,-0.2,0.1,-0.1,-.022,-4.3,0.0,-4.3,-0.1
471,Okaro White,2017,2019,TOT,NBA,12.7,44,4,557,7.6,.448,.238,5.7,13.2,9.4,5.6,1.0,1.6,14.1,10.8,105,109,0.2,0.6,0.8,.067,-3.2,0.3,-2.9,-0.1
472,Jaylen Adams,2019,2019,ATL,NBA,12.6,34,1,428,7.6,.673,.082,2.6,12.3,7.4,19.8,1.5,1.0,19.7,13.5,99,115,-0.1,0.2,0.1,.011,-3.8,-0.5,-4.3,-0.2
473,Garrison Mathews,2020,2020,WAS,NBA,12.6,18,0,227,13.1,.821,.607,2.8,9.1,5.8,5.8,1.6,0.4,10.1,14.5,133,118,0.6,0.0,0.6,.129,-0.5,-0.6,-1.1,0.1
474,Abdel Nader,2018,2020,TOT,NBA,12.6,157,7,1972,8.7,.462,.235,2.3,12.8,7.5,5.8,1.3,1.8,13.0,16.2,99,109,-0.5,2.4,1.9,.046,-3.1,0.2,-2.9,-0.4
475,Gary Payton,2017,2020,TOT,NBA,12.6,61,23,768,10.5,.373,.100,5.6,14.4,9.9,15.5,2.8,1.7,14.2,14.9,99,110,-0.1,0.7,0.6,.037,-3.4,0.9,-2.5,-0.1
476,Lonnie Walker,2019,2020,SAS,NBA,12.6,70,4,885,11.0,.268,.201,2.4,13.7,8.1,8.6,1.9,1.6,9.3,18.5,100,113,-0.1,0.6,0.5,.027,-2.6,-0.5,-3.1,-0.3
477,Nicolas Claxton,2020,2020,BRK,NBA,12.5,15,0,187,14.9,.146,.438,10.7,13.4,12.1,12.6,0.3,3.5,13.6,14.8,118,110,0.3,0.2,0.5,.124,-0.7,0.0,-0.7,0.1
478,Gary Clark,2019,2020,TOT,NBA,12.4,86,3,1066,9.6,.889,.063,5.1,15.6,10.2,4.2,1.1,3.2,4.4,10.9,113,111,0.7,1.1,1.8,.082,-1.1,-0.2,-1.3,0.2
479,Bonzie Colson,2019,2019,MIL,NBA,12.3,8,2,98,12.9,.538,.231,8.8,21.5,15.5,4.0,2.4,0.9,6.5,19.6,100,103,0.0,0.2,0.2,.085,-2.6,-0.8,-3.5,0.0
480,Jalen Jones,2018,2019,TOT,NBA,12.3,32,0,395,11.0,.415,.354,6.5,14.0,10.1,4.2,1.8,0.7,9.1,18.6,104,114,0.1,0.2,0.4,.043,-2.8,-2.2,-5.1,-0.3
481,Nickeil Alexander-Walker,2020,2020,NOP,NBA,12.2,41,0,501,7.6,.515,.123,1.7,15.2,8.4,20.3,1.0,1.2,14.3,22.8,91,113,-0.7,0.4,-0.4,-.034,-3.5,-1.4,-4.9,-0.4
482,D.J. Wilson,2018,2020,MIL,NBA,12.2,101,3,1233,9.9,.508,.158,5.0,18.9,12.3,8.1,0.9,1.8,11.5,15.1,103,106,0.2,2.0,2.1,.082,-2.7,0.2,-2.5,-0.1
483,Deyonta Davis,2017,2019,TOT,NBA,12.1,107,6,1299,15.4,.003,.254,9.0,21.7,15.2,6.0,0.8,4.4,10.4,14.3,121,109,2.2,1.3,3.6,.131,-1.7,-0.4,-2.1,0.0
484,Cheick Diallo,2017,2020,TOT,NBA,12.1,177,3,2143,17.0,.009,.289,8.7,28.0,18.4,5.3,1.2,2.8,13.3,16.9,117,108,3.4,2.8,6.2,.139,-1.2,-0.1,-1.4,0.3
485,Jerome Robinson,2019,2020,TOT,NBA,12.1,88,4,1068,6.4,.494,.117,1.2,13.3,7.3,10.4,1.5,1.4,12.1,15.2,93,112,-0.8,1.0,0.1,.006,-4.5,0.0,-4.6,-0.7
486,Rawle Alkins,2019,2019,CHI,NBA,12.0,10,1,120,8.1,.308,.308,9.9,13.7,11.8,15.2,0.4,0.0,15.3,19.0,93,117,-0.1,0.0,-0.1,-.042,-3.8,-3.5,-7.3,-0.2
487,Jordan Bell,2018,2020,TOT,NBA,12.0,154,16,1853,15.3,.041,.261,8.9,18.4,13.9,13.8,1.5,5.1,18.7,14.1,114,106,2.3,2.6,4.9,.126,-1.1,1.6,0.5,1.2
488,Donta Hall,2020,2020,DET,NBA,12.0,4,0,48,7.3,.000,1.500,14.0,21.6,17.7,5.3,1.0,1.7,23.1,7.9,111,112,0.0,0.0,0.1,.067,-5.6,-1.4,-7.1,-0.1
489,Luka Šamanić,2020,2020,SAS,NBA,12.0,1,0,12,-3.4,.500,.000,0.0,18.0,9.0,28.9,0.0,0.0,0.0,14.5,43,118,-0.1,0.0,-0.1,-.252,-7.4,-4.5,-11.9,0.0
490,Nassir Little,2020,2020,POR,NBA,11.9,48,5,573,9.7,.391,.291,5.7,13.7,9.8,5.1,1.1,2.1,8.1,13.7,108,115,0.3,0.3,0.6,.050,-2.9,-0.6,-3.5,-0.2
491,Salah Mejri,2016,2019,DAL,NBA,11.9,204,22,2430,16.3,.088,.442,11.6,26.1,18.6,5.8,1.5,6.8,18.2,12.7,119,102,3.7,4.3,8.1,.159,-2.2,2.3,0.1,1.3
492,Lorenzo Brown,2014,2019,TOT,NBA,11.5,103,7,1185,9.0,.314,.121,2.6,11.7,7.1,22.7,2.5,1.0,17.2,15.7,89,109,-1.1,0.9,-0.2,-.007,-3.9,0.4,-3.5,-0.5
493,Edmond Sumner,2018,2020,IND,NBA,11.4,49,4,557,9.2,.369,.222,3.8,8.4,6.2,11.9,2.4,2.1,13.1,17.5,95,108,-0.4,0.7,0.4,.033,-4.4,0.5,-3.9,-0.3
494,Marko Guduric,2020,2020,MEM,NBA,11.3,42,0,476,8.8,.526,.162,3.1,12.3,7.8,12.4,1.2,1.5,17.9,17.6,97,113,-0.2,0.4,0.1,.012,-2.6,-0.8,-3.4,-0.2
495,Ty Jerome,2020,2020,PHO,NBA,11.3,28,0,315,8.1,.443,.132,2.1,12.6,7.2,18.8,2.1,0.8,13.8,17.6,93,112,-0.3,0.3,0.0,-.002,-3.9,0.0,-3.8,-0.1
496,Theo Pinson,2019,2020,BRK,NBA,11.3,51,0,576,6.3,.553,.167,2.6,13.5,8.1,19.1,1.9,0.6,17.2,21.5,85,109,-1.2,0.7,-0.5,-.045,-5.7,0.0,-5.6,-0.5
497,Isaac Humphries,2019,2019,ATL,NBA,11.2,5,1,56,3.4,.524,.000,7.4,13.4,10.3,0.0,0.8,0.0,0.0,15.2,87,117,-0.1,0.0,-0.1,-.047,-6.2,-4.7,-11.0,-0.1
498,Tyler Cavanaugh,2018,2019,TOT,NBA,11.1,50,1,557,12.4,.580,.142,9.6,17.4,13.5,7.5,0.8,0.6,8.0,14.7,117,112,0.9,0.3,1.2,.104,-0.8,-1.6,-2.4,-0.1
499,John Konchar,2020,2020,MEM,NBA,11.1,15,0,167,19.0,.257,.057,11.5,17.3,14.4,16.7,2.0,1.6,14.3,10.4,143,110,0.5,0.2,0.7,.195,2.7,2.2,5.0,0.3
500,Romeo Langford,2020,2020,BOS,NBA,11.0,27,1,298,6.0,.359,.359,5.1,6.4,5.8,2.6,1.3,1.9,10.8,11.9,98,110,-0.1,0.3,0.2,.039,-4.5,-0.1,-4.6,-0.2
501,Zhaire Smith,2019,2020,PHI,NBA,11.0,13,2,143,7.6,.422,.267,2.3,8.7,5.6,11.4,1.7,1.1,13.7,17.2,95,111,-0.1,0.1,0.0,.011,-4.6,-1.5,-6.1,-0.1
502,Robert Williams,2019,2020,BOS,NBA,11.0,55,3,606,19.2,.000,.354,10.8,22.5,16.7,6.6,2.3,10.1,18.7,11.4,127,99,1.1,1.5,2.6,.203,-1.1,3.9,2.9,0.7
503,Alex Poythress,2017,2019,TOT,NBA,10.9,52,2,566,11.7,.329,.242,8.8,14.4,11.6,6.1,0.8,2.0,9.2,14.6,115,113,0.7,0.3,1.0,.086,-2.2,-1.4,-3.6,-0.2
504,Admiral Schofield,2020,2020,WAS,NBA,10.9,27,2,293,6.8,.627,.173,2.2,10.9,6.4,6.2,1.3,0.9,8.0,12.5,105,118,0.1,0.0,0.1,.020,-4.2,-1.1,-5.3,-0.2
505,Eric Moreland,2015,2019,TOT,NBA,10.8,83,3,898,13.3,.007,.243,10.6,27.7,19.0,12.6,1.8,5.5,24.9,9.8,109,101,0.6,1.7,2.3,.124,-3.0,3.1,0.1,0.5
506,Ryan Broekhoff,2019,2020,DAL,NBA,10.7,59,1,633,11.4,.778,.146,2.2,15.4,8.9,7.5,0.8,1.1,10.1,14.8,116,112,0.7,0.5,1.2,.095,-0.2,-0.3,-0.5,0.2
507,Sindarius Thornwell,2018,2019,LAC,NBA,10.7,137,18,1469,7.6,.270,.433,2.9,10.6,6.8,7.7,2.0,1.8,17.9,12.0,98,111,-0.2,1.2,1.0,.034,-3.9,1.0,-2.9,-0.3
508,Chris Boucher,2018,2020,TOT,NBA,10.6,84,0,888,20.2,.407,.350,13.4,22.1,17.9,4.2,1.4,8.0,7.2,20.2,120,101,1.9,2.0,3.9,.209,0.3,1.3,1.6,0.8
509,Ray Spalding,2019,2019,TOT,NBA,10.6,14,3,148,14.6,.064,.255,11.1,25.1,18.0,5.1,2.9,4.5,14.7,17.8,99,108,0.0,0.2,0.2,.051,-4.3,-0.8,-5.1,-0.1
510,Jacob Evans,2019,2020,TOT,NBA,10.5,59,2,622,4.8,.289,.160,2.6,8.9,5.7,11.7,1.2,2.1,15.2,16.2,86,115,-0.9,0.3,-0.6,-.047,-6.1,-1.3,-7.4,-0.8
511,Wade Baldwin,2017,2019,TOT,NBA,10.3,56,1,579,7.1,.213,.343,2.7,10.8,6.7,20.0,1.9,1.6,22.7,19.4,86,108,-1.0,0.6,-0.3,-.028,-5.4,0.1,-5.3,-0.5
512,Zylan Cheatham,2020,2020,NOP,NBA,10.3,3,0,31,0.1,.200,.000,3.4,17.1,10.2,7.9,0.0,2.7,37.5,10.5,67,114,-0.1,0.0,-0.1,-.080,-10.2,0.1,-10.2,-0.1
513,Deng Adel,2019,2019,CLE,NBA,10.2,19,3,194,2.7,.639,.111,1.6,9.6,5.4,3.4,0.3,1.8,13.7,9.9,85,121,-0.2,0.0,-0.2,-.054,-6.0,-1.6,-7.5,-0.3
514,Keldon Johnson,2020,2020,SAS,NBA,10.2,9,0,92,16.6,.161,.323,5.8,14.1,10.0,9.4,2.6,1.0,7.8,18.1,117,112,0.2,0.1,0.2,.119,-0.3,-0.6,-0.9,0.0
515,Adam Mokoka,2020,2020,CHI,NBA,10.2,11,0,112,8.2,.536,.143,6.6,3.1,4.9,5.0,1.7,0.0,6.3,12.1,115,114,0.1,0.1,0.2,.073,-3.1,-1.0,-4.1,-0.1
516,Chris Chiozza,2019,2020,TOT,NBA,10.1,28,0,282,12.2,.529,.023,2.6,12.3,7.4,25.5,2.7,0.9,17.0,15.7,106,111,0.1,0.3,0.4,.071,-1.1,1.6,0.5,0.2
517,Džanan Musa,2019,2020,BRK,NBA,10.1,44,0,443,8.1,.466,.286,4.8,12.7,8.8,10.8,1.6,0.2,15.4,20.2,91,110,-0.5,0.5,-0.1,-.008,-4.3,-0.8,-5.0,-0.3
518,Jaylen Nowell,2020,2020,MIN,NBA,10.1,15,0,151,10.5,.491,.321,2.0,7.3,4.5,17.8,0.9,0.6,4.7,17.3,109,117,0.1,0.0,0.2,.051,-2.9,-0.8,-3.7,-0.1
519,PJ Dozier,2018,2020,TOT,NBA,9.9,29,0,288,10.3,.316,.114,4.1,14.1,9.1,16.6,1.5,1.6,9.1,19.8,98,110,-0.1,0.3,0.2,.033,-4.0,-0.8,-4.8,-0.2
520,Alen Smailagić,2020,2020,GSW,NBA,9.9,14,0,139,14.5,.325,.475,7.5,13.7,10.5,14.3,1.0,2.6,18.5,18.2,112,115,0.2,0.1,0.2,.081,-1.3,-0.8,-2.1,0.0
521,Jarrod Uthoff,2017,2020,TOT,NBA,9.9,13,0,129,12.4,.289,.200,7.7,13.2,10.3,11.4,1.2,2.8,5.8,18.7,102,110,0.0,0.1,0.2,.056,-2.6,-0.9,-3.5,0.0
522,Dusty Hannahs,2019,2020,MEM,NBA,9.8,4,0,39,10.1,.381,.190,0.0,5.6,2.8,19.2,1.3,0.0,4.2,26.4,93,115,0.0,0.0,0.0,-.035,-2.6,-2.8,-5.4,0.0
523,Josh Magette,2018,2020,TOT,NBA,9.8,26,0,254,10.9,.426,.164,1.3,9.7,5.4,33.8,2.1,0.7,17.6,13.6,106,111,0.1,0.2,0.3,.059,-2.9,-0.2,-3.2,-0.1
524,Tony Bradley,2018,2020,UTA,NBA,9.7,62,2,600,21.0,.011,.242,19.7,24.4,22.1,4.9,1.1,3.7,11.4,16.6,131,105,1.8,1.0,2.8,.225,0.5,0.0,0.4,0.4
525,Brandon Goodwin,2019,2020,TOT,NBA,9.7,50,1,487,11.3,.437,.192,2.6,14.1,8.3,19.6,1.1,0.7,12.2,22.5,101,116,0.0,0.2,0.1,.014,-1.9,-1.8,-3.6,-0.2
526,Boban Marjanović,2016,2020,TOT,NBA,9.7,223,19,2156,26.1,.028,.504,15.7,28.8,22.3,9.1,1.2,3.0,12.9,25.1,123,104,7.3,3.6,11.0,.244,3.2,0.0,3.1,2.8
527,Matt Thomas,2020,2020,TOR,NBA,9.7,33,0,321,13.6,.676,.090,2.4,13.2,7.9,7.9,1.2,0.0,9.4,17.0,119,108,0.5,0.4,0.9,.137,1.0,0.4,1.4,0.3
528,Mitch Creek,2019,2019,TOT,NBA,9.6,5,0,48,20.2,.125,.438,13.2,13.1,13.2,18.6,2.0,0.0,5.0,17.6,129,111,0.1,0.0,0.2,.196,2.4,1.1,3.5,0.1
529,Isaiah Hartenstein,2019,2020,HOU,NBA,9.5,51,2,487,14.8,.102,.389,10.9,19.3,15.0,9.7,1.6,4.2,18.7,13.4,122,108,0.9,0.6,1.5,.150,-2.8,1.2,-1.6,0.1
530,Georges Niang,2017,2020,TOT,NBA,9.5,149,0,1413,11.7,.621,.101,2.2,14.6,8.6,8.1,1.0,0.6,10.0,17.6,110,110,1.2,1.5,2.7,.091,-0.3,-0.3,-0.6,0.5
531,James Nunnally,2014,2019,TOT,NBA,9.5,28,0,267,6.6,.625,.163,0.4,9.7,5.0,8.0,1.3,0.6,8.5,15.2,95,113,-0.1,0.1,0.0,.000,-3.4,-1.8,-5.1,-0.2
532,Javonte Green,2020,2020,BOS,NBA,9.4,44,1,414,12.3,.235,.367,4.7,15.9,10.4,7.6,2.7,1.6,13.7,13.6,110,105,0.3,0.7,1.0,.112,-2.4,1.8,-0.6,0.1
533,Derrick Walton,2018,2020,TOT,NBA,9.4,42,1,395,9.6,.641,.234,1.1,7.6,4.4,14.2,1.7,0.6,9.0,8.4,128,110,0.6,0.4,1.0,.118,-1.9,1.7,-0.2,0.2
534,Daniel Hamilton,2018,2019,TOT,NBA,9.3,25,3,232,8.5,.394,.085,4.4,19.6,11.8,18.1,1.4,0.4,19.6,16.2,95,114,-0.1,0.1,0.0,.000,-3.1,-0.3,-3.3,-0.1
535,Davon Reed,2018,2019,TOT,NBA,9.3,31,1,289,5.3,.477,.136,1.5,15.4,8.4,7.7,1.8,0.6,10.5,15.4,83,112,-0.4,0.2,-0.2,-.039,-5.4,-0.9,-6.3,-0.3
536,Henry Ellenson,2017,2020,TOT,NBA,9.2,81,2,749,10.6,.439,.199,3.5,25.0,14.0,9.0,0.9,0.3,10.8,22.2,96,110,-0.5,0.8,0.3,.018,-2.4,-1.4,-3.8,-0.3
537,Carsen Edwards,2020,2020,BOS,NBA,9.0,35,0,316,6.5,.602,.115,2.1,12.4,7.3,9.5,1.5,0.9,11.2,18.1,92,109,-0.3,0.4,0.1,.012,-4.6,-0.3,-4.9,-0.2
538,Norvel Pelle,2020,2020,PHI,NBA,8.9,20,0,178,11.2,.000,.343,9.9,27.3,18.6,5.3,0.3,12.0,24.4,12.9,96,101,-0.1,0.4,0.3,.082,-7.1,3.1,-4.1,-0.1
539,Malachi Richardson,2017,2019,TOT,NBA,8.9,70,4,625,6.2,.497,.246,1.8,11.0,6.3,5.7,1.3,0.3,11.1,16.7,93,113,-0.4,0.3,-0.1,-.009,-4.8,-1.3,-6.1,-0.7
540,Tremont Waters,2020,2020,BOS,NBA,8.9,10,0,89,6.5,.486,.171,0.0,10.7,5.4,18.8,2.7,2.1,21.0,22.9,83,106,-0.2,0.1,-0.1,-.045,-6.6,0.1,-6.5,-0.1
541,R.J. Hunter,2016,2019,TOT,NBA,8.8,45,1,395,8.4,.667,.083,0.8,11.8,6.2,7.1,2.2,0.8,8.7,16.3,96,105,-0.1,0.5,0.4,.051,-3.0,1.0,-2.0,0.0
542,Yuta Watanabe,2019,2020,MEM,NBA,8.8,31,0,273,5.6,.300,.225,4.0,15.4,9.6,6.1,1.6,0.7,8.3,15.3,85,111,-0.4,0.3,-0.1,-.025,-5.8,-1.0,-6.8,-0.3
543,Chris Clemons,2020,2020,HOU,NBA,8.7,29,0,251,12.6,.746,.056,1.2,8.4,4.8,13.5,1.1,1.7,11.6,24.0,104,113,0.1,0.2,0.2,.046,0.4,-1.7,-1.3,0.1
544,Daryl Macon,2019,2020,TOT,NBA,8.7,12,0,104,4.4,.433,.233,2.1,10.2,6.2,11.0,0.5,0.0,19.5,17.0,88,115,-0.1,0.0,-0.1,-.041,-5.5,-2.8,-8.4,-0.2
545,Caleb Swanigan,2018,2020,TOT,NBA,8.7,75,4,655,6.8,.106,.275,9.7,25.4,17.6,11.4,1.0,1.4,28.9,16.5,88,109,-0.9,0.7,-0.2,-.014,-6.6,0.4,-6.2,-0.7
546,T.J. Leaf,2018,2020,IND,NBA,8.6,136,2,1174,14.0,.224,.152,8.9,16.7,12.9,4.8,0.9,2.0,6.5,16.6,114,109,1.4,1.3,2.7,.112,-0.7,-0.9,-1.6,0.1
547,Goga Bitadze,2020,2020,IND,NBA,8.4,49,2,410,12.2,.279,.256,6.0,19.8,12.9,7.1,0.7,6.9,14.8,18.1,100,106,-0.1,0.7,0.6,.069,-4.0,1.5,-2.5,0.0
548,Michael Frazier,2020,2020,HOU,NBA,8.3,8,0,66,2.4,.727,.545,1.6,3.2,2.4,1.9,1.4,0.0,12.8,9.8,99,115,0.0,0.0,0.0,.016,-7.9,-0.9,-8.8,-0.1
549,Joe Chealey,2019,2020,CHO,NBA,8.2,5,0,41,-1.9,.400,.200,0.0,0.0,0.0,6.6,4.9,0.0,15.5,13.8,43,111,-0.2,0.0,-0.1,-.168,-13.2,0.2,-13.0,-0.1
550,Zach Norvell,2020,2020,TOT,NBA,8.2,5,0,41,2.6,.667,.083,0.0,16.3,7.9,10.2,2.3,0.0,19.4,16.1,74,112,-0.1,0.0,-0.1,-.084,-7.1,-1.2,-8.3,-0.1
551,Johnathan Motley,2018,2020,TOT,NBA,8.1,46,4,373,19.1,.061,.460,10.2,21.8,15.9,11.8,1.4,1.1,13.3,26.4,109,109,0.4,0.4,0.9,.111,-0.6,-0.9,-1.4,0.0
552,Vince Edwards,2019,2019,HOU,NBA,8.0,2,0,16,3.8,1.000,.000,6.8,7.1,6.9,0.0,0.0,0.0,0.0,10.9,95,118,0.0,0.0,0.0,-.014,-1.6,-4.8,-6.4,0.0
553,Haywood Highsmith,2019,2019,PHI,NBA,8.0,5,0,40,4.5,.500,.200,0.0,12.9,6.6,6.6,1.2,0.0,8.4,12.4,83,113,0.0,0.0,0.0,-.023,-5.8,-2.4,-8.2,-0.1
554,Tahjere McCall,2019,2019,BRK,NBA,8.0,1,0,8,9.6,.333,.333,0.0,13.1,6.6,0.0,0.0,0.0,0.0,18.1,108,114,0.0,0.0,0.0,.055,-6.0,-0.6,-6.6,0.0
555,Deonte Burton,2019,2020,OKC,NBA,7.9,66,0,524,6.4,.390,.128,2.1,13.5,7.8,5.3,1.0,2.9,10.4,17.9,88,109,-0.7,0.6,-0.1,-.013,-5.2,0.1,-5.1,-0.4
556,Jaylen Hoard,2020,2020,POR,NBA,7.9,13,0,103,14.9,.094,.406,14.3,17.8,16.1,5.4,2.3,0.0,9.6,17.2,113,112,0.1,0.1,0.2,.096,-0.9,-1.1,-1.9,0.0
557,Jared Terrell,2019,2019,MIN,NBA,7.9,14,0,111,0.7,.436,.154,1.0,4.9,2.9,14.4,1.3,1.5,19.4,19.6,74,117,-0.4,0.0,-0.3,-.140,-8.5,-2.3,-10.9,-0.2
558,Terance Mann,2020,2020,LAC,NBA,7.7,35,6,271,7.1,.222,.222,1.6,10.8,6.3,17.9,1.4,1.6,19.1,11.2,101,109,0.0,0.3,0.3,.057,-4.7,1.2,-3.5,-0.1
559,Emanuel Terry,2019,2019,TOT,NBA,7.7,3,0,23,19.7,.000,.571,14.1,19.6,16.8,12.2,6.2,0.0,18.6,20.1,107,104,0.0,0.0,0.1,.117,-0.2,2.4,2.3,0.0
560,Amir Coffey,2020,2020,LAC,NBA,7.5,13,0,98,5.9,.212,.091,4.3,10.3,7.4,12.6,0.5,0.9,8.0,15.8,94,112,-0.1,0.1,0.0,.009,-5.7,-1.1,-6.8,-0.1
561,Ángel Delgado,2019,2019,LAC,NBA,7.5,2,0,15,4.3,.000,.400,14.6,13.7,14.1,0.0,3.1,0.0,0.0,16.5,78,109,0.0,0.0,0.0,-.055,-7.0,-5.0,-12.0,0.0
562,Wenyen Gabriel,2020,2020,TOT,NBA,7.5,28,1,210,9.6,.435,.435,9.1,14.0,11.6,5.0,2.3,2.5,22.6,14.5,101,111,0.0,0.2,0.2,.043,-3.9,0.0,-3.9,-0.1
563,Chris Silva,2020,2020,MIA,NBA,7.5,41,0,307,17.2,.029,.710,20.6,19.3,19.9,10.2,1.4,5.8,25.5,17.5,120,106,0.7,0.5,1.1,.178,-3.4,0.9,-2.5,0.0
564,Khyri Thomas,2019,2020,DET,NBA,7.5,34,0,256,5.4,.570,.174,2.1,7.1,4.5,6.1,1.9,1.7,7.0,16.8,90,111,-0.3,0.3,0.0,-.005,-5.2,-0.5,-5.7,-0.2
565,Oshae Brissett,2020,2020,TOR,NBA,7.1,19,0,135,6.7,.417,.278,7.2,13.0,10.2,7.0,1.4,0.7,14.8,15.0,96,107,-0.1,0.2,0.1,.042,-5.7,0.3,-5.4,-0.1
566,Naz Mitrou-Long,2018,2020,TOT,NBA,7.1,18,0,128,5.9,.622,.054,0.9,9.3,5.1,22.7,0.8,1.3,20.9,16.2,90,111,-0.1,0.1,0.0,-.004,-3.7,0.1,-3.6,-0.1
567,John Holland,2018,2019,CLE,NBA,7.0,25,0,175,5.9,.610,.220,3.9,11.4,7.7,3.9,2.0,1.0,11.0,18.4,84,112,-0.3,0.1,-0.2,-.050,-3.6,-1.9,-5.5,-0.2
568,Gabe Vincent,2020,2020,MIA,NBA,7.0,6,0,42,1.2,.842,.000,0.0,7.7,4.0,9.9,1.2,0.0,0.0,20.0,75,114,-0.1,0.0,-0.1,-.105,-6.7,-2.9,-9.6,-0.1
569,Drew Eubanks,2019,2020,SAS,NBA,6.6,37,3,243,15.2,.019,.444,6.3,24.4,15.4,6.8,0.8,3.9,21.8,14.9,118,110,0.3,0.3,0.6,.120,-2.3,-0.2,-2.5,0.0
570,Zhou Qi,2018,2019,HOU,NBA,6.6,19,0,125,2.5,.576,.364,5.5,14.3,9.9,2.1,0.8,9.5,20.7,17.0,64,103,-0.5,0.2,-0.2,-.093,-9.9,0.3,-9.6,-0.2
571,Guerschon Yabusele,2018,2019,BOS,NBA,6.6,74,5,486,12.4,.471,.319,8.9,14.4,11.7,9.0,1.2,2.1,14.6,16.6,109,107,0.4,0.7,1.1,.105,-2.0,0.0,-1.9,0.0
572,William Howard,2020,2020,HOU,NBA,6.5,2,0,13,-12.7,1.000,.000,0.0,16.2,8.1,9.0,0.0,0.0,20.0,15.9,14,115,-0.1,0.0,-0.1,-.354,-14.9,-5.7,-20.7,-0.1
573,Jalen Lecque,2020,2020,PHO,NBA,6.5,4,0,26,5.0,.400,.200,0.0,0.0,0.0,11.1,0.0,0.0,8.4,19.4,94,120,0.0,0.0,0.0,-.042,-5.7,-3.6,-9.3,0.0
574,Yante Maten,2019,2019,MIA,NBA,6.5,2,0,13,5.7,.250,.000,8.2,16.4,12.3,0.0,3.8,0.0,0.0,13.2,70,104,0.0,0.0,0.0,-.026,-7.5,-1.6,-9.2,0.0
575,Justin James,2020,2020,SAC,NBA,6.4,34,0,218,11.5,.333,.269,3.0,12.7,7.8,10.8,1.3,3.9,8.4,19.0,100,111,0.0,0.2,0.2,.037,-1.0,0.2,-0.7,0.1
576,Malcolm Miller,2018,2020,TOR,NBA,6.4,50,5,318,8.3,.782,.179,2.1,9.3,5.8,4.9,0.9,1.4,9.7,12.7,109,110,0.2,0.3,0.5,.076,-1.7,0.1,-1.6,0.0
577,Antonius Cleveland,2018,2020,TOT,NBA,6.3,23,0,145,4.3,.185,.296,2.2,10.8,6.5,1.9,2.7,3.6,20.8,11.8,76,107,-0.2,0.2,0.0,-.016,-7.8,2.2,-5.7,-0.1
578,B.J. Johnson,2019,2020,TOT,NBA,6.3,15,0,95,7.8,.361,.111,3.3,12.6,7.8,3.0,2.0,0.0,11.7,18.9,89,113,-0.1,0.1,-0.1,-.030,-4.7,-2.2,-6.9,-0.1
579,Louis King,2020,2020,DET,NBA,6.2,10,0,62,6.3,.524,.143,1.8,16.7,9.2,11.8,1.6,0.0,8.2,17.1,93,113,-0.1,0.0,0.0,-.007,-5.1,-1.1,-6.2,-0.1
580,Marcus Derrickson,2019,2019,GSW,NBA,6.1,11,0,67,19.4,.606,.152,13.3,7.6,10.4,2.2,0.0,1.3,7.9,24.4,123,116,0.2,0.0,0.2,.155,2.6,-5.3,-2.7,0.0
581,George King,2019,2019,PHO,NBA,6.0,1,0,6,1.9,,,0.0,18.8,9.2,0.0,0.0,0.0,,0.0,,119,0.0,0.0,0.0,-.001,-5.8,-2.1,-7.9,0.0
582,Kalin Lucas,2015,2019,TOT,NBA,6.0,2,0,12,8.0,.500,1.000,0.0,28.4,13.7,10.4,4.3,0.0,0.0,10.6,98,99,0.0,0.0,0.0,.091,-9.5,7.6,-1.9,0.0
583,J.P. Macura,2019,2020,TOT,NBA,6.0,3,0,18,5.4,.444,.000,0.0,18.3,9.0,17.0,0.0,0.0,0.0,21.6,81,117,0.0,0.0,0.0,-.105,-4.8,-2.8,-7.6,0.0
584,Ignas Brazdeikis,2020,2020,NYK,NBA,5.9,9,0,53,3.3,.409,.227,3.9,6.2,5.0,10.6,0.0,1.8,7.6,21.0,82,119,-0.1,0.0,-0.1,-.109,-5.0,-3.9,-8.9,-0.1
585,Dean Wade,2020,2020,CLE,NBA,5.9,12,0,71,13.9,.308,.077,4.6,25.3,14.9,4.0,1.4,4.8,18.2,9.9,122,111,0.1,0.1,0.2,.104,-1.7,0.5,-1.2,0.0
586,Brian Bowen,2020,2020,IND,NBA,5.8,5,1,29,-2.0,.222,.000,3.8,22.7,13.3,0.0,0.0,3.0,10.0,15.2,50,109,-0.1,0.0,-0.1,-.154,-9.7,-2.1,-11.8,-0.1
587,Rayjon Tucker,2020,2020,UTA,NBA,5.6,14,0,78,4.5,.316,.263,2.9,14.8,9.1,3.5,0.6,0.0,12.4,13.6,88,112,-0.1,0.1,0.0,-.009,-6.7,-1.2,-7.9,-0.1
588,D.J. Stephens,2014,2019,TOT,NBA,5.5,4,0,22,12.7,.000,.111,5.0,21.5,13.0,0.0,2.3,0.0,9.6,21.4,92,108,0.0,0.0,0.0,.008,-0.8,0.2,-0.6,0.0
589,Justin Patton,2018,2020,TOT,NBA,5.4,9,0,49,8.4,.316,.105,6.8,17.2,12.1,14.1,2.9,0.0,9.1,19.4,92,107,-0.1,0.1,0.0,.014,-5.8,0.2,-5.6,0.0
590,Vincent Poirier,2020,2020,BOS,NBA,5.4,21,0,114,12.8,.061,.212,9.5,22.4,16.0,8.6,0.8,4.9,14.3,15.8,111,105,0.1,0.2,0.3,.124,-4.5,0.7,-3.8,-0.1
591,Justin Robinson,2020,2020,WAS,NBA,5.4,9,0,49,8.2,.417,.000,2.2,9.3,5.6,18.6,0.0,1.8,20.0,12.7,105,121,0.0,0.0,0.0,.006,-2.6,-3.1,-5.7,0.0
592,Jordan Bone,2020,2020,DET,NBA,5.3,10,0,53,0.8,.500,.000,0.0,8.7,4.3,21.0,0.9,0.0,9.1,18.1,76,117,-0.1,0.0,-0.1,-.118,-9.0,-2.9,-11.9,-0.1
593,Mfiondu Kabengele,2020,2020,LAC,NBA,5.3,12,0,64,18.2,.625,.156,1.7,15.7,8.9,4.9,1.5,2.7,5.5,23.5,119,106,0.1,0.1,0.2,.175,2.2,-0.1,2.1,0.1
594,Jeremiah Martin,2020,2020,BRK,NBA,5.3,3,0,16,5.9,.200,.000,0.0,12.6,6.4,16.5,3.0,5.2,0.0,13.1,66,104,0.0,0.0,0.0,-.040,-6.6,3.6,-3.0,0.0
595,Demetrius Jackson,2017,2019,TOT,NBA,5.2,26,0,136,13.0,.378,.324,7.4,8.1,7.8,18.5,2.5,0.6,20.6,17.0,107,108,0.1,0.2,0.2,.087,-1.3,0.8,-0.5,0.1
596,KZ Okpala,2020,2020,MIA,NBA,5.2,5,0,26,13.7,.200,.400,4.5,16.6,10.8,5.5,3.8,3.8,14.5,11.7,110,103,0.0,0.0,0.1,.119,-1.2,4.0,2.7,0.0
597,Thanasis Antetokounmpo,2016,2020,TOT,NBA,5.0,20,2,99,15.3,.200,.375,11.7,8.6,10.0,13.0,2.8,1.8,19.1,24.2,101,101,0.0,0.2,0.2,.095,-3.5,1.7,-1.8,0.0
598,Tariq Owens,2020,2020,PHO,NBA,5.0,3,0,15,8.4,.400,.400,14.5,7.6,11.1,0.0,3.2,0.0,0.0,16.7,95,111,0.0,0.0,0.0,.017,-3.1,-2.8,-5.9,0.0
599,Marial Shayok,2020,2020,PHI,NBA,5.0,2,0,10,-2.0,.600,.000,0.0,33.1,16.6,13.4,0.0,0.0,16.7,25.9,61,110,-0.1,0.0,0.0,-.227,-8.7,-2.6,-11.3,0.0
600,Paul Watson,2020,2020,TOT,NBA,5.0,5,0,25,-0.5,.500,.250,0.0,17.0,8.5,23.9,1.9,3.9,0.0,14.8,46,110,-0.1,0.0,-0.1,-.181,-8.0,0.8,-7.3,0.0
601,Quinndary Weatherspoon,2020,2020,SAS,NBA,5.0,3,0,15,-5.1,.333,.000,0.0,7.2,3.6,7.7,0.0,0.0,0.0,8.7,21,121,-0.1,0.0,-0.1,-.197,-9.1,-6.0,-15.1,-0.1
602,Chimezie Metu,2019,2020,SAS,NBA,4.8,45,0,218,12.8,.032,.269,9.5,21.3,15.4,12.7,1.6,2.4,16.1,24.9,93,110,-0.3,0.2,-0.1,-.012,-3.6,-1.2,-4.8,-0.2
603,Matt Mooney,2020,2020,CLE,NBA,4.8,4,0,19,8.1,.500,.000,0.0,17.7,8.8,6.7,5.1,4.5,0.0,9.0,69,104,0.0,0.0,0.0,.006,-5.3,5.0,-0.3,0.0
604,Amile Jefferson,2019,2020,ORL,NBA,4.7,30,0,142,14.7,.000,.733,11.8,21.7,16.6,6.8,1.4,3.7,9.2,13.3,117,106,0.2,0.2,0.4,.136,-2.3,0.4,-1.9,0.0
605,Jordan Loyd,2019,2019,TOR,NBA,4.6,12,0,55,16.3,.444,.611,2.0,15.3,8.8,15.1,0.0,0.0,8.1,19.4,130,112,0.2,0.0,0.2,.190,0.0,-0.9,-1.0,0.0
606,Juwan Morgan,2020,2020,UTA,NBA,4.6,16,0,74,8.8,.294,.000,7.8,19.8,14.1,3.8,0.0,1.1,15.0,11.9,108,111,0.0,0.1,0.1,.066,-2.9,-0.4,-3.3,0.0
607,Alize Johnson,2019,2020,IND,NBA,4.4,27,0,118,8.4,.065,.452,10.4,24.0,17.3,3.3,0.4,2.3,7.5,14.9,97,108,0.0,0.2,0.1,.047,-4.6,-1.8,-6.4,-0.1
608,Jarred Vanderbilt,2019,2020,TOT,NBA,4.1,28,0,115,10.5,.074,.444,9.5,20.9,15.2,5.9,3.9,1.6,31.7,17.6,87,103,-0.2,0.2,0.0,.014,-5.7,0.8,-4.9,-0.1
609,Charlie Brown,2020,2020,ATL,NBA,4.0,10,0,40,11.1,.474,.263,5.3,5.5,5.4,7.3,2.3,4.2,12.4,25.1,93,114,0.0,0.0,0.0,-.028,-1.1,-1.4,-2.5,0.0
610,Troy Caupain,2019,2019,ORL,NBA,4.0,4,0,16,30.7,.375,.000,6.6,13.6,10.0,42.5,3.1,0.0,0.0,21.8,144,107,0.1,0.0,0.1,.347,9.6,3.7,13.3,0.1
611,Tacko Fall,2020,2020,BOS,NBA,4.0,6,0,24,23.9,.000,.250,0.0,48.7,24.6,0.0,0.0,7.7,18.4,29.0,98,98,0.0,0.1,0.1,.102,-2.0,3.1,1.0,0.0
612,Devon Hall,2020,2020,OKC,NBA,4.0,5,0,20,3.6,.400,.800,0.0,5.4,2.8,19.1,0.0,0.0,12.9,17.1,86,117,0.0,0.0,0.0,-.064,-6.2,-3.6,-9.7,0.0
613,Zach Lofton,2019,2019,DET,NBA,4.0,1,0,4,-10.0,1.000,.000,0.0,0.0,0.0,0.0,12.3,0.0,50.0,21.6,0,90,-0.1,0.0,0.0,-.447,-17.4,6.0,-11.5,0.0
614,Scott Machado,2013,2019,TOT,NBA,4.0,10,0,40,13.7,.167,.250,0.0,2.8,1.4,34.4,3.7,0.0,37.5,22.9,95,108,0.0,0.0,0.0,.013,-1.7,-0.3,-2.0,0.0
615,Malik Newman,2020,2020,CLE,NBA,4.0,1,0,4,-11.3,.500,1.000,0.0,0.0,0.0,0.0,0.0,0.0,25.8,41.5,58,123,0.0,0.0,0.0,-.503,-14.5,-11.3,-25.9,0.0
616,Jordan Sibert,2019,2019,ATL,NBA,4.0,1,0,4,29.7,1.000,.000,0.0,0.0,0.0,0.0,0.0,0.0,0.0,10.2,300,123,0.0,0.0,0.0,.183,13.7,2.2,16.0,0.0
617,Melvin Frazier,2019,2020,ORL,NBA,3.8,25,0,95,4.6,.342,.211,4.4,5.8,5.1,3.1,2.6,1.9,8.8,20.8,80,109,-0.2,0.1,-0.1,-.060,-8.4,-0.7,-9.1,-0.2
618,Stanton Kidd,2020,2020,UTA,NBA,3.8,4,0,15,-13.7,.333,.000,0.0,21.0,11.0,8.0,0.0,0.0,40.0,14.6,13,112,-0.1,0.0,-0.1,-.327,-15.6,-1.3,-16.9,-0.1
619,Moses Brown,2020,2020,POR,NBA,3.7,9,0,33,6.7,.000,.800,9.6,34.0,22.0,4.1,1.4,2.6,18.2,21.2,81,107,-0.1,0.0,0.0,-.062,-8.2,-1.7,-9.9,-0.1
620,Tyler Lydon,2018,2019,DEN,NBA,3.7,26,0,96,9.1,.556,.167,7.9,12.5,10.2,8.1,1.0,0.0,17.2,10.4,116,112,0.1,0.1,0.2,.084,-2.8,-1.4,-4.3,-0.1
621,Isaiah Roby,2020,2020,OKC,NBA,3.7,3,0,11,-7.7,.000,.000,0.0,19.5,10.1,0.0,0.0,0.0,50.0,8.0,0,113,-0.1,0.0,0.0,-.191,-12.0,-3.5,-15.5,0.0
622,Thomas Welsh,2019,2019,DEN,NBA,3.3,11,0,36,16.1,.538,.154,0.0,12.1,6.0,20.5,0.0,0.0,6.7,17.7,130,115,0.1,0.0,0.1,.162,2.2,-1.1,1.2,0.0
623,Kostas Antetokounmpo,2019,2020,TOT,NBA,3.2,5,0,16,2.1,.000,1.333,0.0,13.3,6.7,7.0,6.1,0.0,17.4,15.5,48,101,-0.1,0.0,0.0,-.127,-8.3,0.9,-7.4,0.0
624,Vlatko Čančar,2020,2020,DEN,NBA,3.2,14,0,45,11.4,.400,.267,12.4,12.4,12.4,9.1,1.1,2.0,15.2,19.1,106,111,0.0,0.0,0.1,.069,-3.5,-1.1,-4.5,0.0
625,Tyler Cook,2020,2020,CLE,NBA,3.2,11,0,35,23.8,.000,.600,12.6,19.2,15.9,4.5,1.4,0.0,7.3,16.7,150,116,0.2,0.0,0.2,.244,3.0,-0.6,2.4,0.0
626,DaQuan Jeffries,2020,2020,SAC,NBA,3.2,6,0,19,10.7,.571,.000,5.8,0.0,3.0,7.8,2.6,0.0,0.0,16.1,114,114,0.0,0.0,0.0,.081,-2.3,-0.3,-2.6,0.0
627,DeVaughn Akoon-Purcell,2019,2019,DEN,NBA,3.1,7,0,22,8.2,.400,.200,4.9,14.8,9.8,37.1,4.5,0.0,15.5,25.0,84,104,-0.1,0.0,0.0,-.051,-7.9,2.1,-5.8,0.0
628,Nigel Williams-Goss,2020,2020,UTA,NBA,3.1,9,0,28,5.7,.286,.286,8.2,11.2,9.8,22.3,1.7,3.0,20.2,15.5,80,108,-0.1,0.0,0.0,-.045,-5.1,1.1,-3.9,0.0
629,Marques Bolden,2020,2020,CLE,NBA,3.0,1,0,3,19.8,,,0.0,74.7,37.0,0.0,16.2,0.0,,0.0,,69,0.0,0.0,0.0,.282,-5.8,11.3,5.5,0.0
630,Max Strus,2020,2020,CHI,NBA,3.0,2,0,6,30.7,.333,.333,17.5,0.0,9.2,0.0,0.0,0.0,0.0,24.4,153,119,0.0,0.0,0.0,.317,5.4,-1.0,4.4,0.0
631,Dewan Hernandez,2020,2020,TOR,NBA,2.8,4,0,11,4.2,.200,.400,19.6,47.0,33.6,0.0,4.3,0.0,14.5,26.8,80,90,0.0,0.0,0.0,.003,-18.3,-3.0,-21.3,-0.1
632,Shamorie Ponds,2020,2020,TOR,NBA,2.8,4,0,11,33.2,.400,.400,0.0,9.4,4.8,32.1,0.0,8.8,0.0,22.9,164,107,0.1,0.0,0.1,.451,8.4,5.3,13.7,0.0
633,Jared Harper,2020,2020,PHO,NBA,2.7,3,0,8,-5.3,.500,.000,0.0,0.0,0.0,0.0,0.0,0.0,0.0,21.3,54,120,0.0,0.0,0.0,-.253,-10.2,-5.7,-15.8,0.0
634,Kevin Hervey,2020,2020,OKC,NBA,2.7,7,0,19,-14.9,.727,.000,0.0,11.3,5.8,6.7,0.0,0.0,0.0,25.5,26,115,-0.2,0.0,-0.2,-.471,-13.4,-6.5,-19.9,-0.1
635,Ike Anigbogu,2018,2019,IND,NBA,2.6,14,0,36,17.0,.000,.500,18.9,18.5,18.7,3.2,1.4,9.9,17.0,21.7,95,102,0.0,0.1,0.0,.057,-0.9,-0.3,-1.1,0.0
636,Jarrell Brantley,2020,2020,UTA,NBA,2.6,5,0,13,2.7,,,0.0,40.3,21.1,9.2,0.0,12.8,100.0,6.8,27,97,0.0,0.0,0.0,-.053,-8.6,5.9,-2.7,0.0
637,Talen Horton-Tucker,2020,2020,LAL,NBA,2.5,2,0,5,14.8,1.000,.000,0.0,0.0,0.0,44.9,9.5,0.0,0.0,8.4,93,94,0.0,0.0,0.0,.110,0.6,7.2,7.8,0.0
638,Miye Oni,2020,2020,UTA,NBA,2.2,5,0,11,-9.9,.500,.000,0.0,19.1,10.0,0.0,0.0,0.0,33.3,12.0,0,113,-0.1,0.0,-0.1,-.285,-12.7,-4.6,-17.3,0.0
639,Trevon Duval,2019,2019,MIL,NBA,2.0,3,0,6,38.3,.333,.000,0.0,16.0,8.5,59.0,0.0,0.0,0.0,20.9,179,110,0.1,0.0,0.1,.537,19.1,5.3,24.4,0.0
640,Kyle Guy,2020,2020,SAC,NBA,2.0,2,0,4,9.8,.500,.000,0.0,0.0,0.0,0.0,0.0,0.0,0.0,21.8,98,120,0.0,0.0,0.0,-.022,-1.3,-2.8,-4.1,0.0
641,Justin Wright-Foreman,2020,2020,UTA,NBA,2.0,1,0,2,0.0,,,0.0,0.0,0.0,0.0,0.0,0.0,,0.0,,117,0.0,0.0,0.0,.010,-6.1,-0.9,-7.0,0.0
642,Vic Law,2020,2020,ORL,NBA,1.8,5,0,9,-16.6,.333,.667,0.0,12.4,6.0,0.0,0.0,0.0,0.0,18.6,0,116,-0.1,0.0,-0.1,-.456,-17.0,-8.2,-25.2,-0.1
643,Tyler Davis,2019,2019,OKC,NBA,1.0,1,0,1,0.0,.000,.000,100.0,0.0,51.6,0.0,0.0,0.0,0.0,40.7,65,116,0.0,0.0,0.0,-.471,-9.6,-31.1,-40.7,0.0
644,Donte Grantham,2019,2019,OKC,NBA,0.7,3,0,2,-38.1,1.000,.000,0.0,0.0,0.0,0.0,0.0,0.0,0.0,40.7,0,116,0.0,0.0,0.0,-.946,-23.6,-14.0,-37.6,0.0
645,Josh Reaves,2020,2020,DAL,NBA,0.5,2,0,1,-40.0,.000,.000,0.0,0.0,0.0,0.0,0.0,0.0,0.0,42.8,0,119,0.0,0.0,0.0,-1.036,-24.4,-15.1,-39.5,0.0